batch	work_id	title	source_path	output_path	mp3_path	original_snapshot_path	updated_snapshot_path	current_semitones	updated_semitones	current_key_burden	updated_key_burden	key_burden_delta	current_tessitura_score	updated_tessitura_score	tessitura_delta	status	error
cpdl_5_voice_quartet_plus_viole	10	Laboravi in gemitu meo	data/cpdl/5-voices/sources/010_laboravi_in_gemitu_meo__02_gesualdo_laboravi.mxl	data/cpdl/5-voices/reductions/string_quartet_plus_viole/010_laboravi_in_gemitu_meo.musicxml	data/cpdl/5-voices/renders/string_quartet_plus_viole_mp3/010_laboravi_in_gemitu_meo.mp3	outputs/transposition_comparison/obvious_key_signature/cpdl_5_voice_quartet_plus_viole/original/010_laboravi_in_gemitu_meo__t+6_to_+7.musicxml	outputs/transposition_comparison/obvious_key_signature/cpdl_5_voice_quartet_plus_viole/updated/010_laboravi_in_gemitu_meo__t+6_to_+7.musicxml	6	7	5	0	5	0.556511	0.550232	-0.00627835	ok	
cpdl_5_voice_quartet_plus_viole	101	Hai rotto e sciolto e spento	data/cpdl/5-voices/sources/101_hai_rotto_e_sciolto_e_spento__02_hai_rotto_gesualdo.mxl	data/cpdl/5-voices/reductions/string_quartet_plus_viole/101_hai_rotto_e_sciolto_e_spento.musicxml	data/cpdl/5-voices/renders/string_quartet_plus_viole_mp3/101_hai_rotto_e_sciolto_e_spento.mp3	outputs/transposition_comparison/obvious_key_signature/cpdl_5_voice_quartet_plus_viole/original/101_hai_rotto_e_sciolto_e_spento__t+5_to_+4.musicxml	outputs/transposition_comparison/obvious_key_signature/cpdl_5_voice_quartet_plus_viole/updated/101_hai_rotto_e_sciolto_e_spento__t+5_to_+4.musicxml	5	4	4	1	3	0.379513	0.381624	0.00211139	ok	
cpdl_5_voice_quartet_plus_viole	106	Itene o miei sospiri	data/cpdl/5-voices/sources/106_itene_o_miei_sospiri__02_gesu_3ite.mxl	data/cpdl/5-voices/reductions/string_quartet_plus_viole/106_itene_o_miei_sospiri.musicxml	data/cpdl/5-voices/renders/string_quartet_plus_viole_mp3/106_itene_o_miei_sospiri.mp3	outputs/transposition_comparison/obvious_key_signature/cpdl_5_voice_quartet_plus_viole/original/106_itene_o_miei_sospiri__t+1_to_+2.musicxml	outputs/transposition_comparison/obvious_key_signature/cpdl_5_voice_quartet_plus_viole/updated/106_itene_o_miei_sospiri__t+1_to_+2.musicxml	1	2	6	1	5	0.346139	0.356152	0.0100134	ok	
cpdl_5_voice_quartet_plus_viole	110	Ma se avverrà ch'io moia	data/cpdl/5-voices/sources/110_ma_se_avverra_ch_io_moia__01_8_ma_se_averra.mid	data/cpdl/5-voices/reductions/string_quartet_plus_viole/110_ma_se_avverr_ch_io_moia.musicxml	data/cpdl/5-voices/renders/string_quartet_plus_viole_mp3/110_ma_se_avverr_ch_io_moia.mp3	outputs/transposition_comparison/obvious_key_signature/cpdl_5_voice_quartet_plus_viole/original/110_ma_se_avverr_ch_io_moia__t+6_to_+7.musicxml	outputs/transposition_comparison/obvious_key_signature/cpdl_5_voice_quartet_plus_viole/updated/110_ma_se_avverr_ch_io_moia__t+6_to_+7.musicxml	6	7	5	0	5	0.379514	0.375892	-0.00362295	ok	
cpdl_5_voice_quartet_plus_viole	111	Ma se tale ha costei	data/cpdl/5-voices/sources/111_ma_se_tale_ha_costei__01_ma_se_tale_ha_costei.mid	data/cpdl/5-voices/reductions/string_quartet_plus_viole/111_ma_se_tale_ha_costei.musicxml	data/cpdl/5-voices/renders/string_quartet_plus_viole_mp3/111_ma_se_tale_ha_costei.mp3	outputs/transposition_comparison/obvious_key_signature/cpdl_5_voice_quartet_plus_viole/original/111_ma_se_tale_ha_costei__t+1_to_+0.musicxml	outputs/transposition_comparison/obvious_key_signature/cpdl_5_voice_quartet_plus_viole/updated/111_ma_se_tale_ha_costei__t+1_to_+0.musicxml	1	0	6	1	5	0.406764	0.419817	0.0130532	ok	
cpdl_5_voice_quartet_plus_viole	113	Madonna, io ben vorrei	data/cpdl/5-voices/sources/113_madonna_io_ben_vorrei__02_gesualdo_madonna_io_ben_vorrei.mxl	data/cpdl/5-voices/reductions/string_quartet_plus_viole/113_madonna_io_ben_vorrei.musicxml	data/cpdl/5-voices/renders/string_quartet_plus_viole_mp3/113_madonna_io_ben_vorrei.mp3	outputs/transposition_comparison/obvious_key_signature/cpdl_5_voice_quartet_plus_viole/original/113_madonna_io_ben_vorrei__t+3_to_+2.musicxml	outputs/transposition_comparison/obvious_key_signature/cpdl_5_voice_quartet_plus_viole/updated/113_madonna_io_ben_vorrei__t+3_to_+2.musicxml	3	2	4	1	3	0.332591	0.335512	0.00292164	ok	
cpdl_5_voice_quartet_plus_viole	116	Mentre, mia stella, miri	data/cpdl/5-voices/sources/116_mentre_mia_stella_miri__01_gesualdo_mentre_mia_stella_miri.mxl	data/cpdl/5-voices/reductions/string_quartet_plus_viole/116_mentre_mia_stella_miri.musicxml	data/cpdl/5-voices/renders/string_quartet_plus_viole_mp3/116_mentre_mia_stella_miri.mp3	outputs/transposition_comparison/obvious_key_signature/cpdl_5_voice_quartet_plus_viole/original/116_mentre_mia_stella_miri__t+1_to_+0.musicxml	outputs/transposition_comparison/obvious_key_signature/cpdl_5_voice_quartet_plus_viole/updated/116_mentre_mia_stella_miri__t+1_to_+0.musicxml	1	0	5	0	5	0.280349	0.283014	0.00266493	ok	
cpdl_5_voice_quartet_plus_viole	117	Meraviglia d'Amore	data/cpdl/5-voices/sources/117_meraviglia_d_amore__01_gesualdo_meraviglia_d_amore.mxl	data/cpdl/5-voices/reductions/string_quartet_plus_viole/117_meraviglia_d_amore.musicxml	data/cpdl/5-voices/renders/string_quartet_plus_viole_mp3/117_meraviglia_d_amore.mp3	outputs/transposition_comparison/obvious_key_signature/cpdl_5_voice_quartet_plus_viole/original/117_meraviglia_d_amore__t+1_to_+0.musicxml	outputs/transposition_comparison/obvious_key_signature/cpdl_5_voice_quartet_plus_viole/updated/117_meraviglia_d_amore__t+1_to_+0.musicxml	1	0	5	0	5	0.321954	0.324974	0.0030208	ok	
cpdl_5_voice_quartet_plus_viole	124	Non mi toglia il ben mio	data/cpdl/5-voices/sources/124_non_mi_toglia_il_ben_mio__01_gesualdo_nonmitoglia.mxl	data/cpdl/5-voices/reductions/string_quartet_plus_viole/124_non_mi_toglia_il_ben_mio.musicxml	data/cpdl/5-voices/renders/string_quartet_plus_viole_mp3/124_non_mi_toglia_il_ben_mio.mp3	outputs/transposition_comparison/obvious_key_signature/cpdl_5_voice_quartet_plus_viole/original/124_non_mi_toglia_il_ben_mio__t-1_to_+0.musicxml	outputs/transposition_comparison/obvious_key_signature/cpdl_5_voice_quartet_plus_viole/updated/124_non_mi_toglia_il_ben_mio__t-1_to_+0.musicxml	-1	0	4	1	3	0.397718	0.414272	0.0165536	ok	
cpdl_5_voice_quartet_plus_viole	125	Non mirar, non mirare	data/cpdl/5-voices/sources/125_non_mirar_non_mirare__01_gesualdo_non_mirar_non_mirare.mxl	data/cpdl/5-voices/reductions/string_quartet_plus_viole/125_non_mirar_non_mirare.musicxml	data/cpdl/5-voices/renders/string_quartet_plus_viole_mp3/125_non_mirar_non_mirare.mp3	outputs/transposition_comparison/obvious_key_signature/cpdl_5_voice_quartet_plus_viole/original/125_non_mirar_non_mirare__t+4_to_+5.musicxml	outputs/transposition_comparison/obvious_key_signature/cpdl_5_voice_quartet_plus_viole/updated/125_non_mirar_non_mirare__t+4_to_+5.musicxml	4	5	4	1	3	0.316498	0.327315	0.0108173	ok	
cpdl_5_voice_quartet_plus_viole	129	O dolce mio martire	data/cpdl/5-voices/sources/129_o_dolce_mio_martire__01_gesualdo_o_dolce_mio_martire.mxl	data/cpdl/5-voices/reductions/string_quartet_plus_viole/129_o_dolce_mio_martire.musicxml	data/cpdl/5-voices/renders/string_quartet_plus_viole_mp3/129_o_dolce_mio_martire.mp3	outputs/transposition_comparison/obvious_key_signature/cpdl_5_voice_quartet_plus_viole/original/129_o_dolce_mio_martire__t+4_to_+5.musicxml	outputs/transposition_comparison/obvious_key_signature/cpdl_5_voice_quartet_plus_viole/updated/129_o_dolce_mio_martire__t+4_to_+5.musicxml	4	5	4	1	3	0.400478	0.400899	0.00042111	ok	
cpdl_5_voice_quartet_plus_viole	132	O mal nati messagi	data/cpdl/5-voices/sources/132_o_mal_nati_messagi__02_o_mal_nati_messagi_gesualdo.mxl	data/cpdl/5-voices/reductions/string_quartet_plus_viole/132_o_mal_nati_messagi.musicxml	data/cpdl/5-voices/renders/string_quartet_plus_viole_mp3/132_o_mal_nati_messagi.mp3	outputs/transposition_comparison/obvious_key_signature/cpdl_5_voice_quartet_plus_viole/original/132_o_mal_nati_messagi__t+1_to_+0.musicxml	outputs/transposition_comparison/obvious_key_signature/cpdl_5_voice_quartet_plus_viole/updated/132_o_mal_nati_messagi__t+1_to_+0.musicxml	1	0	5	0	5	0.504468	0.518425	0.013957	ok	
cpdl_5_voice_quartet_plus_viole	137	Or, che in gioia	data/cpdl/5-voices/sources/137_or_che_in_gioia__02_or_che_in_gioia_gesualdo.mxl	data/cpdl/5-voices/reductions/string_quartet_plus_viole/137_or_che_in_gioia.musicxml	data/cpdl/5-voices/renders/string_quartet_plus_viole_mp3/137_or_che_in_gioia.mp3	outputs/transposition_comparison/obvious_key_signature/cpdl_5_voice_quartet_plus_viole/original/137_or_che_in_gioia__t+1_to_+0.musicxml	outputs/transposition_comparison/obvious_key_signature/cpdl_5_voice_quartet_plus_viole/updated/137_or_che_in_gioia__t+1_to_+0.musicxml	1	0	6	1	5	0.346594	0.362893	0.0162994	ok	
cpdl_5_voice_quartet_plus_viole	138	Poichè l'avida sete	data/cpdl/5-voices/sources/138_poiche_l_avida_sete__02_gesu_17poi.mxl	data/cpdl/5-voices/reductions/string_quartet_plus_viole/138_poich_l_avida_sete.musicxml	data/cpdl/5-voices/renders/string_quartet_plus_viole_mp3/138_poich_l_avida_sete.mp3	outputs/transposition_comparison/obvious_key_signature/cpdl_5_voice_quartet_plus_viole/original/138_poich_l_avida_sete__t+4_to_+5.musicxml	outputs/transposition_comparison/obvious_key_signature/cpdl_5_voice_quartet_plus_viole/updated/138_poich_l_avida_sete__t+4_to_+5.musicxml	4	5	4	1	3	0.45108	0.459088	0.00800821	ok	
cpdl_5_voice_quartet_plus_viole	140	Quando l'alba novella	data/cpdl/5-voices/sources/140_quando_l_alba_novella__02_gesualdo_quando_l_alba_novella.mxl	data/cpdl/5-voices/reductions/string_quartet_plus_viole/140_quando_l_alba_novella.musicxml	data/cpdl/5-voices/renders/string_quartet_plus_viole_mp3/140_quando_l_alba_novella.mp3	outputs/transposition_comparison/obvious_key_signature/cpdl_5_voice_quartet_plus_viole/original/140_quando_l_alba_novella__t+1_to_+0.musicxml	outputs/transposition_comparison/obvious_key_signature/cpdl_5_voice_quartet_plus_viole/updated/140_quando_l_alba_novella__t+1_to_+0.musicxml	1	0	6	1	5	0.320892	0.323147	0.0022548	ok	
cpdl_5_voice_quartet_plus_viole	141	Quando ridente e bella	data/cpdl/5-voices/sources/141_quando_ridente_e_bella__02_quando_ridente_e_bella_gesualdo.mxl	data/cpdl/5-voices/reductions/string_quartet_plus_viole/141_quando_ridente_e_bella.musicxml	data/cpdl/5-voices/renders/string_quartet_plus_viole_mp3/141_quando_ridente_e_bella.mp3	outputs/transposition_comparison/obvious_key_signature/cpdl_5_voice_quartet_plus_viole/original/141_quando_ridente_e_bella__t+1_to_+0.musicxml	outputs/transposition_comparison/obvious_key_signature/cpdl_5_voice_quartet_plus_viole/updated/141_quando_ridente_e_bella__t+1_to_+0.musicxml	1	0	6	1	5	0.359039	0.364183	0.00514407	ok	
cpdl_5_voice_quartet_plus_viole	146	Resta di darmi noia	data/cpdl/5-voices/sources/146_resta_di_darmi_noia__02_resta_di_darmi_noia_gesualdo.mxl	data/cpdl/5-voices/reductions/string_quartet_plus_viole/146_resta_di_darmi_noia.musicxml	data/cpdl/5-voices/renders/string_quartet_plus_viole_mp3/146_resta_di_darmi_noia.mp3	outputs/transposition_comparison/obvious_key_signature/cpdl_5_voice_quartet_plus_viole/original/146_resta_di_darmi_noia__t+1_to_+0.musicxml	outputs/transposition_comparison/obvious_key_signature/cpdl_5_voice_quartet_plus_viole/updated/146_resta_di_darmi_noia__t+1_to_+0.musicxml	1	0	5	0	5	0.401958	0.421825	0.0198677	ok	
cpdl_5_voice_quartet_plus_viole	147	S'io non miro non moro	data/cpdl/5-voices/sources/147_s_io_non_miro_non_moro__02_sio_non_miro_gesualdo.mxl	data/cpdl/5-voices/reductions/string_quartet_plus_viole/147_s_io_non_miro_non_moro.musicxml	data/cpdl/5-voices/renders/string_quartet_plus_viole_mp3/147_s_io_non_miro_non_moro.mp3	outputs/transposition_comparison/obvious_key_signature/cpdl_5_voice_quartet_plus_viole/original/147_s_io_non_miro_non_moro__t+1_to_+0.musicxml	outputs/transposition_comparison/obvious_key_signature/cpdl_5_voice_quartet_plus_viole/updated/147_s_io_non_miro_non_moro__t+1_to_+0.musicxml	1	0	6	1	5	0.307133	0.324774	0.0176419	ok	
cpdl_5_voice_quartet_plus_viole	150	Se da sì nobil mano	data/cpdl/5-voices/sources/150_se_da_si_nobil_mano__01_gesualdo_se_da_si_nobil_mano.mxl	data/cpdl/5-voices/reductions/string_quartet_plus_viole/150_se_da_s_nobil_mano.musicxml	data/cpdl/5-voices/renders/string_quartet_plus_viole_mp3/150_se_da_s_nobil_mano.mp3	outputs/transposition_comparison/obvious_key_signature/cpdl_5_voice_quartet_plus_viole/original/150_se_da_s_nobil_mano__t+1_to_+0.musicxml	outputs/transposition_comparison/obvious_key_signature/cpdl_5_voice_quartet_plus_viole/updated/150_se_da_s_nobil_mano__t+1_to_+0.musicxml	1	0	5	0	5	0.30586	0.317741	0.0118812	ok	
cpdl_5_voice_quartet_plus_viole	155	Se tu fuggi	data/cpdl/5-voices/sources/155_se_tu_fuggi__02_gesu_20se.mxl	data/cpdl/5-voices/reductions/string_quartet_plus_viole/155_se_tu_fuggi.musicxml	data/cpdl/5-voices/renders/string_quartet_plus_viole_mp3/155_se_tu_fuggi.mp3	outputs/transposition_comparison/obvious_key_signature/cpdl_5_voice_quartet_plus_viole/original/155_se_tu_fuggi__t+1_to_+0.musicxml	outputs/transposition_comparison/obvious_key_signature/cpdl_5_voice_quartet_plus_viole/updated/155_se_tu_fuggi__t+1_to_+0.musicxml	1	0	6	1	5	0.349709	0.356023	0.00631375	ok	
cpdl_5_voice_quartet_plus_viole	160	Sospirava	data/cpdl/5-voices/sources/160_sospirava__02_sospirava_gesualdo.mxl	data/cpdl/5-voices/reductions/string_quartet_plus_viole/160_sospirava.musicxml	data/cpdl/5-voices/renders/string_quartet_plus_viole_mp3/160_sospirava.mp3	outputs/transposition_comparison/obvious_key_signature/cpdl_5_voice_quartet_plus_viole/original/160_sospirava__t+1_to_+0.musicxml	outputs/transposition_comparison/obvious_key_signature/cpdl_5_voice_quartet_plus_viole/updated/160_sospirava__t+1_to_+0.musicxml	1	0	5	0	5	0.326831	0.341163	0.0143317	ok	
cpdl_5_voice_quartet_plus_viole	161	Sparge la morte	data/cpdl/5-voices/sources/161_sparge_la_morte__02_sparge_la_morte_gesualdo.mxl	data/cpdl/5-voices/reductions/string_quartet_plus_viole/161_sparge_la_morte.musicxml	data/cpdl/5-voices/renders/string_quartet_plus_viole_mp3/161_sparge_la_morte.mp3	outputs/transposition_comparison/obvious_key_signature/cpdl_5_voice_quartet_plus_viole/original/161_sparge_la_morte__t+6_to_+7.musicxml	outputs/transposition_comparison/obvious_key_signature/cpdl_5_voice_quartet_plus_viole/updated/161_sparge_la_morte__t+6_to_+7.musicxml	6	7	6	1	5	0.383759	0.371178	-0.0125809	ok	
cpdl_5_voice_quartet_plus_viole	164	Tall'or sano desio	data/cpdl/5-voices/sources/164_tall_or_sano_desio__02_tall_or_sano_desio_gesualdo.mxl	data/cpdl/5-voices/reductions/string_quartet_plus_viole/164_tall_or_sano_desio.musicxml	data/cpdl/5-voices/renders/string_quartet_plus_viole_mp3/164_tall_or_sano_desio.mp3	outputs/transposition_comparison/obvious_key_signature/cpdl_5_voice_quartet_plus_viole/original/164_tall_or_sano_desio__t-1_to_+0.musicxml	outputs/transposition_comparison/obvious_key_signature/cpdl_5_voice_quartet_plus_viole/updated/164_tall_or_sano_desio__t-1_to_+0.musicxml	-1	0	4	1	3	0.382867	0.39423	0.0113626	ok	
cpdl_5_voice_quartet_plus_viole	19	Tribulationem et dolorem	data/cpdl/5-voices/sources/019_tribulationem_et_dolorem__02_tribulationem_et_dolorem_gesualdo.mxl	data/cpdl/5-voices/reductions/string_quartet_plus_viole/019_tribulationem_et_dolorem.musicxml	data/cpdl/5-voices/renders/string_quartet_plus_viole_mp3/019_tribulationem_et_dolorem.mp3	outputs/transposition_comparison/obvious_key_signature/cpdl_5_voice_quartet_plus_viole/original/019_tribulationem_et_dolorem__t+6_to_+5.musicxml	outputs/transposition_comparison/obvious_key_signature/cpdl_5_voice_quartet_plus_viole/updated/019_tribulationem_et_dolorem__t+6_to_+5.musicxml	6	5	6	1	5	0.430746	0.434667	0.00392126	ok	
cpdl_5_voice_quartet_plus_viole	3	Ave, dulcissima Maria	data/cpdl/5-voices/sources/003_ave_dulcissima_maria__02_ave_dulcissima_maria_gesualdo.mxl	data/cpdl/5-voices/reductions/string_quartet_plus_viole/003_ave_dulcissima_maria.musicxml	data/cpdl/5-voices/renders/string_quartet_plus_viole_mp3/003_ave_dulcissima_maria.mp3	outputs/transposition_comparison/obvious_key_signature/cpdl_5_voice_quartet_plus_viole/original/003_ave_dulcissima_maria__t+4_to_+5.musicxml	outputs/transposition_comparison/obvious_key_signature/cpdl_5_voice_quartet_plus_viole/updated/003_ave_dulcissima_maria__t+4_to_+5.musicxml	4	5	6	1	5	0.363694	0.373686	0.00999214	ok	
cpdl_5_voice_quartet_plus_viole	57	A voi, mentre il mio core	data/cpdl/5-voices/sources/057_a_voi_mentre_il_mio_core__02_a_voi_mentre_il_mio_core_gesualdo.mxl	data/cpdl/5-voices/reductions/string_quartet_plus_viole/057_a_voi_mentre_il_mio_core.musicxml	data/cpdl/5-voices/renders/string_quartet_plus_viole_mp3/057_a_voi_mentre_il_mio_core.mp3	outputs/transposition_comparison/obvious_key_signature/cpdl_5_voice_quartet_plus_viole/original/057_a_voi_mentre_il_mio_core__t+1_to_+0.musicxml	outputs/transposition_comparison/obvious_key_signature/cpdl_5_voice_quartet_plus_viole/updated/057_a_voi_mentre_il_mio_core__t+1_to_+0.musicxml	1	0	5	0	5	0.347651	0.366383	0.0187316	ok	
cpdl_5_voice_quartet_plus_viole	61	All' ombra de gl'allori	data/cpdl/5-voices/sources/061_all_ombra_de_gl_allori__02_gesualdo_all_ombra_de_gl_allori.mxl	data/cpdl/5-voices/reductions/string_quartet_plus_viole/061_all_ombra_de_gl_allori.musicxml	data/cpdl/5-voices/renders/string_quartet_plus_viole_mp3/061_all_ombra_de_gl_allori.mp3	outputs/transposition_comparison/obvious_key_signature/cpdl_5_voice_quartet_plus_viole/original/061_all_ombra_de_gl_allori__t+1_to_+2.musicxml	outputs/transposition_comparison/obvious_key_signature/cpdl_5_voice_quartet_plus_viole/updated/061_all_ombra_de_gl_allori__t+1_to_+2.musicxml	1	2	6	1	5	0.379537	0.383886	0.0043489	ok	
cpdl_5_voice_quartet_plus_viole	62	All'apparir di quelle luci ardenti	data/cpdl/5-voices/sources/062_all_apparir_di_quelle_luci_ardenti__02_gesualdo_all_apparir_di_quelle_luci_ardenti.mxl	data/cpdl/5-voices/reductions/string_quartet_plus_viole/062_all_apparir_di_quelle_luci_ardenti.musicxml	data/cpdl/5-voices/renders/string_quartet_plus_viole_mp3/062_all_apparir_di_quelle_luci_ardenti.mp3	outputs/transposition_comparison/obvious_key_signature/cpdl_5_voice_quartet_plus_viole/original/062_all_apparir_di_quelle_luci_ardenti__t+1_to_+0.musicxml	outputs/transposition_comparison/obvious_key_signature/cpdl_5_voice_quartet_plus_viole/updated/062_all_apparir_di_quelle_luci_ardenti__t+1_to_+0.musicxml	1	0	6	1	5	0.311213	0.326719	0.0155061	ok	
cpdl_5_voice_quartet_plus_viole	63	Alme d'Amor rubelle	data/cpdl/5-voices/sources/063_alme_d_amor_rubelle__02_alme_d_amor_rubelle_gesualdo.mxl	data/cpdl/5-voices/reductions/string_quartet_plus_viole/063_alme_d_amor_rubelle.musicxml	data/cpdl/5-voices/renders/string_quartet_plus_viole_mp3/063_alme_d_amor_rubelle.mp3	outputs/transposition_comparison/obvious_key_signature/cpdl_5_voice_quartet_plus_viole/original/063_alme_d_amor_rubelle__t-1_to_+0.musicxml	outputs/transposition_comparison/obvious_key_signature/cpdl_5_voice_quartet_plus_viole/updated/063_alme_d_amor_rubelle__t-1_to_+0.musicxml	-1	0	5	0	5	0.385274	0.400718	0.0154446	ok	
cpdl_5_voice_quartet_plus_viole	64	Amor pace non chero	data/cpdl/5-voices/sources/064_amor_pace_non_chero__01_gesualdo_amor_pace_non_chero.mxl	data/cpdl/5-voices/reductions/string_quartet_plus_viole/064_amor_pace_non_chero.musicxml	data/cpdl/5-voices/renders/string_quartet_plus_viole_mp3/064_amor_pace_non_chero.mp3	outputs/transposition_comparison/obvious_key_signature/cpdl_5_voice_quartet_plus_viole/original/064_amor_pace_non_chero__t-1_to_+0.musicxml	outputs/transposition_comparison/obvious_key_signature/cpdl_5_voice_quartet_plus_viole/updated/064_amor_pace_non_chero__t-1_to_+0.musicxml	-1	0	5	0	5	0.338301	0.343175	0.00487469	ok	
cpdl_5_voice_quartet_plus_viole	65	Ancide sol la morte	data/cpdl/5-voices/sources/065_ancide_sol_la_morte__02_ancide_sol_la_morte_gesualdo.mxl	data/cpdl/5-voices/reductions/string_quartet_plus_viole/065_ancide_sol_la_morte.musicxml	data/cpdl/5-voices/renders/string_quartet_plus_viole_mp3/065_ancide_sol_la_morte.mp3	outputs/transposition_comparison/obvious_key_signature/cpdl_5_voice_quartet_plus_viole/original/065_ancide_sol_la_morte__t+1_to_+0.musicxml	outputs/transposition_comparison/obvious_key_signature/cpdl_5_voice_quartet_plus_viole/updated/065_ancide_sol_la_morte__t+1_to_+0.musicxml	1	0	5	0	5	0.375382	0.391363	0.0159807	ok	
cpdl_5_voice_quartet_plus_viole	66	Ancidetemi pur, grievi martiri	data/cpdl/5-voices/sources/066_ancidetemi_pur_grievi_martiri__01_gesualdo_ancidetemi_pur_grievi_martiri.mxl	data/cpdl/5-voices/reductions/string_quartet_plus_viole/066_ancidetemi_pur_grievi_martiri.musicxml	data/cpdl/5-voices/renders/string_quartet_plus_viole_mp3/066_ancidetemi_pur_grievi_martiri.mp3	outputs/transposition_comparison/obvious_key_signature/cpdl_5_voice_quartet_plus_viole/original/066_ancidetemi_pur_grievi_martiri__t+1_to_+0.musicxml	outputs/transposition_comparison/obvious_key_signature/cpdl_5_voice_quartet_plus_viole/updated/066_ancidetemi_pur_grievi_martiri__t+1_to_+0.musicxml	1	0	5	0	5	0.332192	0.349025	0.0168328	ok	
cpdl_5_voice_quartet_plus_viole	67	Ancor che per amarti	data/cpdl/5-voices/sources/067_ancor_che_per_amarti__02_ancor_che_per_amarti_gesualdo.mxl	data/cpdl/5-voices/reductions/string_quartet_plus_viole/067_ancor_che_per_amarti.musicxml	data/cpdl/5-voices/renders/string_quartet_plus_viole_mp3/067_ancor_che_per_amarti.mp3	outputs/transposition_comparison/obvious_key_signature/cpdl_5_voice_quartet_plus_viole/original/067_ancor_che_per_amarti__t+1_to_+0.musicxml	outputs/transposition_comparison/obvious_key_signature/cpdl_5_voice_quartet_plus_viole/updated/067_ancor_che_per_amarti__t+1_to_+0.musicxml	1	0	5	0	5	0.309798	0.315409	0.00561114	ok	
cpdl_5_voice_quartet_plus_viole	72	Baci soavi e cari	data/cpdl/5-voices/sources/072_baci_soavi_e_cari__02_gesualdo_baci_soavi_e_cari.mxl	data/cpdl/5-voices/reductions/string_quartet_plus_viole/072_baci_soavi_e_cari.musicxml	data/cpdl/5-voices/renders/string_quartet_plus_viole_mp3/072_baci_soavi_e_cari.mp3	outputs/transposition_comparison/obvious_key_signature/cpdl_5_voice_quartet_plus_viole/original/072_baci_soavi_e_cari__t+3_to_+2.musicxml	outputs/transposition_comparison/obvious_key_signature/cpdl_5_voice_quartet_plus_viole/updated/072_baci_soavi_e_cari__t+3_to_+2.musicxml	3	2	4	1	3	0.362407	0.378596	0.0161883	ok	
cpdl_5_voice_quartet_plus_viole	77	Caro amoroso neo	data/cpdl/5-voices/sources/077_caro_amoroso_neo__01_gesualdo_caro_amoroso_neo.mxl	data/cpdl/5-voices/reductions/string_quartet_plus_viole/077_caro_amoroso_neo.musicxml	data/cpdl/5-voices/renders/string_quartet_plus_viole_mp3/077_caro_amoroso_neo.mp3	outputs/transposition_comparison/obvious_key_signature/cpdl_5_voice_quartet_plus_viole/original/077_caro_amoroso_neo__t+1_to_+0.musicxml	outputs/transposition_comparison/obvious_key_signature/cpdl_5_voice_quartet_plus_viole/updated/077_caro_amoroso_neo__t+1_to_+0.musicxml	1	0	6	1	5	0.402045	0.415884	0.0138381	ok	
cpdl_5_voice_quartet_plus_viole	82	Come vivrai cor mio	data/cpdl/5-voices/sources/082_come_vivrai_cor_mio__02_gesualdo_come_vivrai_cor_mio.mxl	data/cpdl/5-voices/reductions/string_quartet_plus_viole/082_come_vivrai_cor_mio.musicxml	data/cpdl/5-voices/renders/string_quartet_plus_viole_mp3/082_come_vivrai_cor_mio.mp3	outputs/transposition_comparison/obvious_key_signature/cpdl_5_voice_quartet_plus_viole/original/082_come_vivrai_cor_mio__t+2_to_+0.musicxml	outputs/transposition_comparison/obvious_key_signature/cpdl_5_voice_quartet_plus_viole/updated/082_come_vivrai_cor_mio__t+2_to_+0.musicxml	2	0	2	0	2	0.382366	0.394427	0.0120611	ok	
cpdl_5_voice_quartet_plus_viole	86	Dalle odorate spoglie	data/cpdl/5-voices/sources/086_dalle_odorate_spoglie__02_dalle_odorate_spoglie_gesualdo.mxl	data/cpdl/5-voices/reductions/string_quartet_plus_viole/086_dalle_odorate_spoglie.musicxml	data/cpdl/5-voices/renders/string_quartet_plus_viole_mp3/086_dalle_odorate_spoglie.mp3	outputs/transposition_comparison/obvious_key_signature/cpdl_5_voice_quartet_plus_viole/original/086_dalle_odorate_spoglie__t+1_to_+0.musicxml	outputs/transposition_comparison/obvious_key_signature/cpdl_5_voice_quartet_plus_viole/updated/086_dalle_odorate_spoglie__t+1_to_+0.musicxml	1	0	5	0	5	0.397228	0.403348	0.00612042	ok	
cpdl_5_voice_quartet_plus_viole	91	Dolce spirto d'amore	data/cpdl/5-voices/sources/091_dolce_spirto_d_amore__01_gesualdo_dolce_spirto_d_amore.mxl	data/cpdl/5-voices/reductions/string_quartet_plus_viole/091_dolce_spirto_d_amore.musicxml	data/cpdl/5-voices/renders/string_quartet_plus_viole_mp3/091_dolce_spirto_d_amore.mp3	outputs/transposition_comparison/obvious_key_signature/cpdl_5_voice_quartet_plus_viole/original/091_dolce_spirto_d_amore__t+1_to_+2.musicxml	outputs/transposition_comparison/obvious_key_signature/cpdl_5_voice_quartet_plus_viole/updated/091_dolce_spirto_d_amore__t+1_to_+2.musicxml	1	2	6	1	5	0.345151	0.347836	0.00268441	ok	
cpdl_5_voice_quartet_plus_viole	93	Dolcissimo sospiro	data/cpdl/5-voices/sources/093_dolcissimo_sospiro__01_gesualdo_dolcissimo_sospiro.mxl	data/cpdl/5-voices/reductions/string_quartet_plus_viole/093_dolcissimo_sospiro.musicxml	data/cpdl/5-voices/renders/string_quartet_plus_viole_mp3/093_dolcissimo_sospiro.mp3	outputs/transposition_comparison/obvious_key_signature/cpdl_5_voice_quartet_plus_viole/original/093_dolcissimo_sospiro__t+1_to_+2.musicxml	outputs/transposition_comparison/obvious_key_signature/cpdl_5_voice_quartet_plus_viole/updated/093_dolcissimo_sospiro__t+1_to_+2.musicxml	1	2	6	1	5	0.380806	0.383905	0.00309849	ok	
cpdl_5_voice_quartet_plus_viole	95	Ecco, morirò dunque	data/cpdl/5-voices/sources/095_ecco_moriro_dunque__02_ecco_moriro_dunque_gesualdo.mxl	data/cpdl/5-voices/reductions/string_quartet_plus_viole/095_ecco_morir_dunque.musicxml	data/cpdl/5-voices/renders/string_quartet_plus_viole_mp3/095_ecco_morir_dunque.mp3	outputs/transposition_comparison/obvious_key_signature/cpdl_5_voice_quartet_plus_viole/original/095_ecco_morir_dunque__t+1_to_+0.musicxml	outputs/transposition_comparison/obvious_key_signature/cpdl_5_voice_quartet_plus_viole/updated/095_ecco_morir_dunque__t+1_to_+0.musicxml	1	0	5	0	5	0.348933	0.363037	0.014104	ok	
cpdl_5_voice_quartet_plus_viole	97	Felicissimo sonno	data/cpdl/5-voices/sources/097_felicissimo_sonno__02_gesu_7fel.mxl	data/cpdl/5-voices/reductions/string_quartet_plus_viole/097_felicissimo_sonno.musicxml	data/cpdl/5-voices/renders/string_quartet_plus_viole_mp3/097_felicissimo_sonno.mp3	outputs/transposition_comparison/obvious_key_signature/cpdl_5_voice_quartet_plus_viole/original/097_felicissimo_sonno__t+4_to_+5.musicxml	outputs/transposition_comparison/obvious_key_signature/cpdl_5_voice_quartet_plus_viole/updated/097_felicissimo_sonno__t+4_to_+5.musicxml	4	5	4	1	3	0.377542	0.394827	0.0172843	ok	
cpdl_5_voice_quartet_plus_viole	99	Gioite voi col canto	data/cpdl/5-voices/sources/099_gioite_voi_col_canto__02_gioite_voi_gesualdo.mxl	data/cpdl/5-voices/reductions/string_quartet_plus_viole/099_gioite_voi_col_canto.musicxml	data/cpdl/5-voices/renders/string_quartet_plus_viole_mp3/099_gioite_voi_col_canto.mp3	outputs/transposition_comparison/obvious_key_signature/cpdl_5_voice_quartet_plus_viole/original/099_gioite_voi_col_canto__t+1_to_+0.musicxml	outputs/transposition_comparison/obvious_key_signature/cpdl_5_voice_quartet_plus_viole/updated/099_gioite_voi_col_canto__t+1_to_+0.musicxml	1	0	6	1	5	0.340748	0.358472	0.0177232	ok	
cpdl_5_voice_string_quartet	106	Itene o miei sospiri	data/cpdl/5-voices/sources/106_itene_o_miei_sospiri__02_gesu_3ite.mxl	data/cpdl/5-voices/reductions/string_quartet/106_itene_o_miei_sospiri.musicxml	data/cpdl/5-voices/renders/string_quartet_mp3/106_itene_o_miei_sospiri.mp3	outputs/transposition_comparison/obvious_key_signature/cpdl_5_voice_string_quartet/original/106_itene_o_miei_sospiri__t-1_to_+0.musicxml	outputs/transposition_comparison/obvious_key_signature/cpdl_5_voice_string_quartet/updated/106_itene_o_miei_sospiri__t-1_to_+0.musicxml	-1	0	4	1	3	0.374487	0.381092	0.00660509	ok	
cpdl_5_voice_string_quartet	110	Ma se avverrà ch'io moia	data/cpdl/5-voices/sources/110_ma_se_avverra_ch_io_moia__01_8_ma_se_averra.mid	data/cpdl/5-voices/reductions/string_quartet/110_ma_se_avverr_ch_io_moia.musicxml	data/cpdl/5-voices/renders/string_quartet_mp3/110_ma_se_avverr_ch_io_moia.mp3	outputs/transposition_comparison/obvious_key_signature/cpdl_5_voice_string_quartet/original/110_ma_se_avverr_ch_io_moia__t+4_to_+2.musicxml	outputs/transposition_comparison/obvious_key_signature/cpdl_5_voice_string_quartet/updated/110_ma_se_avverr_ch_io_moia__t+4_to_+2.musicxml	4	2	3	1	2	0.443676	0.444029	0.000352489	ok	
cpdl_5_voice_string_quartet	123	Non mai non cangerò stato	data/cpdl/5-voices/sources/123_non_mai_non_cangero_stato__02_gesualdo_non_mai_non_cangero.mxl	data/cpdl/5-voices/reductions/string_quartet/123_non_mai_non_canger_stato.musicxml	data/cpdl/5-voices/renders/string_quartet_mp3/123_non_mai_non_canger_stato.mp3	outputs/transposition_comparison/obvious_key_signature/cpdl_5_voice_string_quartet/original/123_non_mai_non_canger_stato__t+1_to_+2.musicxml	outputs/transposition_comparison/obvious_key_signature/cpdl_5_voice_string_quartet/updated/123_non_mai_non_canger_stato__t+1_to_+2.musicxml	1	2	6	1	5	0.327837	0.333364	0.00552673	ok	
cpdl_5_voice_string_quartet	125	Non mirar, non mirare	data/cpdl/5-voices/sources/125_non_mirar_non_mirare__01_gesualdo_non_mirar_non_mirare.mxl	data/cpdl/5-voices/reductions/string_quartet/125_non_mirar_non_mirare.musicxml	data/cpdl/5-voices/renders/string_quartet_mp3/125_non_mirar_non_mirare.mp3	outputs/transposition_comparison/obvious_key_signature/cpdl_5_voice_string_quartet/original/125_non_mirar_non_mirare__t+1_to_+0.musicxml	outputs/transposition_comparison/obvious_key_signature/cpdl_5_voice_string_quartet/updated/125_non_mirar_non_mirare__t+1_to_+0.musicxml	1	0	5	0	5	0.364815	0.378737	0.013922	ok	
cpdl_5_voice_string_quartet	129	O dolce mio martire	data/cpdl/5-voices/sources/129_o_dolce_mio_martire__01_gesualdo_o_dolce_mio_martire.mxl	data/cpdl/5-voices/reductions/string_quartet/129_o_dolce_mio_martire.musicxml	data/cpdl/5-voices/renders/string_quartet_mp3/129_o_dolce_mio_martire.mp3	outputs/transposition_comparison/obvious_key_signature/cpdl_5_voice_string_quartet/original/129_o_dolce_mio_martire__t+2_to_+0.musicxml	outputs/transposition_comparison/obvious_key_signature/cpdl_5_voice_string_quartet/updated/129_o_dolce_mio_martire__t+2_to_+0.musicxml	2	0	2	0	2	0.404301	0.416714	0.0124134	ok	
cpdl_5_voice_string_quartet	13	O vos omnes (1603)	data/cpdl/5-voices/sources/013_o_vos_omnes_1603__02_gesualdo_ovosomnes.mxl	data/cpdl/5-voices/reductions/string_quartet/013_o_vos_omnes_1603.musicxml	data/cpdl/5-voices/renders/string_quartet_mp3/013_o_vos_omnes_1603.mp3	outputs/transposition_comparison/obvious_key_signature/cpdl_5_voice_string_quartet/original/013_o_vos_omnes_1603__t+3_to_+2.musicxml	outputs/transposition_comparison/obvious_key_signature/cpdl_5_voice_string_quartet/updated/013_o_vos_omnes_1603__t+3_to_+2.musicxml	3	2	4	1	3	0.302588	0.304395	0.00180727	ok	
cpdl_5_voice_string_quartet	131	O dolorosa gioia	data/cpdl/5-voices/sources/131_o_dolorosa_gioia__02_gesu_5odo.mxl	data/cpdl/5-voices/reductions/string_quartet/131_o_dolorosa_gioia.musicxml	data/cpdl/5-voices/renders/string_quartet_mp3/131_o_dolorosa_gioia.mp3	outputs/transposition_comparison/obvious_key_signature/cpdl_5_voice_string_quartet/original/131_o_dolorosa_gioia__t+1_to_+2.musicxml	outputs/transposition_comparison/obvious_key_signature/cpdl_5_voice_string_quartet/updated/131_o_dolorosa_gioia__t+1_to_+2.musicxml	1	2	6	1	5	0.452598	0.455283	0.00268538	ok	
cpdl_5_voice_string_quartet	137	Or, che in gioia	data/cpdl/5-voices/sources/137_or_che_in_gioia__02_or_che_in_gioia_gesualdo.mxl	data/cpdl/5-voices/reductions/string_quartet/137_or_che_in_gioia.musicxml	data/cpdl/5-voices/renders/string_quartet_mp3/137_or_che_in_gioia.mp3	outputs/transposition_comparison/obvious_key_signature/cpdl_5_voice_string_quartet/original/137_or_che_in_gioia__t-1_to_+0.musicxml	outputs/transposition_comparison/obvious_key_signature/cpdl_5_voice_string_quartet/updated/137_or_che_in_gioia__t-1_to_+0.musicxml	-1	0	4	1	3	0.357012	0.367761	0.0107484	ok	
cpdl_5_voice_string_quartet	139	Qual fora, donna	data/cpdl/5-voices/sources/139_qual_fora_donna__02_gesu_6qu.mxl	data/cpdl/5-voices/reductions/string_quartet/139_qual_fora_donna.musicxml	data/cpdl/5-voices/renders/string_quartet_mp3/139_qual_fora_donna.mp3	outputs/transposition_comparison/obvious_key_signature/cpdl_5_voice_string_quartet/original/139_qual_fora_donna__t+1_to_+0.musicxml	outputs/transposition_comparison/obvious_key_signature/cpdl_5_voice_string_quartet/updated/139_qual_fora_donna__t+1_to_+0.musicxml	1	0	6	1	5	0.338147	0.339225	0.00107812	ok	
cpdl_5_voice_string_quartet	144	Questa crudele e pia	data/cpdl/5-voices/sources/144_questa_crudele_e_pia__02_questa_crudele_et_pia_gesualdo.mxl	data/cpdl/5-voices/reductions/string_quartet/144_questa_crudele_e_pia.musicxml	data/cpdl/5-voices/renders/string_quartet_mp3/144_questa_crudele_e_pia.mp3	outputs/transposition_comparison/obvious_key_signature/cpdl_5_voice_string_quartet/original/144_questa_crudele_e_pia__t+1_to_+0.musicxml	outputs/transposition_comparison/obvious_key_signature/cpdl_5_voice_string_quartet/updated/144_questa_crudele_e_pia__t+1_to_+0.musicxml	1	0	6	1	5	0.328955	0.336546	0.00759195	ok	
cpdl_5_voice_string_quartet	146	Resta di darmi noia	data/cpdl/5-voices/sources/146_resta_di_darmi_noia__02_resta_di_darmi_noia_gesualdo.mxl	data/cpdl/5-voices/reductions/string_quartet/146_resta_di_darmi_noia.musicxml	data/cpdl/5-voices/renders/string_quartet_mp3/146_resta_di_darmi_noia.mp3	outputs/transposition_comparison/obvious_key_signature/cpdl_5_voice_string_quartet/original/146_resta_di_darmi_noia__t+1_to_+0.musicxml	outputs/transposition_comparison/obvious_key_signature/cpdl_5_voice_string_quartet/updated/146_resta_di_darmi_noia__t+1_to_+0.musicxml	1	0	5	0	5	0.430658	0.438988	0.00833018	ok	
cpdl_5_voice_string_quartet	153	Se piange, ahimè, la donna del mio core	data/cpdl/5-voices/sources/153_se_piange_ahime_la_donna_del_mio_core__01_gesualdo_se_piange_oime_la_donna_del_mio_core.mxl	data/cpdl/5-voices/reductions/string_quartet/153_se_piange_ahim_la_donna_del_mio_core.musicxml	data/cpdl/5-voices/renders/string_quartet_mp3/153_se_piange_ahim_la_donna_del_mio_core.mp3	outputs/transposition_comparison/obvious_key_signature/cpdl_5_voice_string_quartet/original/153_se_piange_ahim_la_donna_del_mio_core__t+1_to_+2.musicxml	outputs/transposition_comparison/obvious_key_signature/cpdl_5_voice_string_quartet/updated/153_se_piange_ahim_la_donna_del_mio_core__t+1_to_+2.musicxml	1	2	6	1	5	0.346299	0.348016	0.00171685	ok	
cpdl_5_voice_string_quartet	155	Se tu fuggi	data/cpdl/5-voices/sources/155_se_tu_fuggi__02_gesu_20se.mxl	data/cpdl/5-voices/reductions/string_quartet/155_se_tu_fuggi.musicxml	data/cpdl/5-voices/renders/string_quartet_mp3/155_se_tu_fuggi.mp3	outputs/transposition_comparison/obvious_key_signature/cpdl_5_voice_string_quartet/original/155_se_tu_fuggi__t-1_to_+0.musicxml	outputs/transposition_comparison/obvious_key_signature/cpdl_5_voice_string_quartet/updated/155_se_tu_fuggi__t-1_to_+0.musicxml	-1	0	4	1	3	0.351887	0.356228	0.00434083	ok	
cpdl_5_voice_string_quartet	16	Reminiscere	data/cpdl/5-voices/sources/016_reminiscere__02_gesualdo_reminiscere.mxl	data/cpdl/5-voices/reductions/string_quartet/016_reminiscere.musicxml	data/cpdl/5-voices/renders/string_quartet_mp3/016_reminiscere.mp3	outputs/transposition_comparison/obvious_key_signature/cpdl_5_voice_string_quartet/original/016_reminiscere__t+1_to_+2.musicxml	outputs/transposition_comparison/obvious_key_signature/cpdl_5_voice_string_quartet/updated/016_reminiscere__t+1_to_+2.musicxml	1	2	6	1	5	0.353408	0.355768	0.00236044	ok	
cpdl_5_voice_string_quartet	163	T'amo, mia vita	data/cpdl/5-voices/sources/163_t_amo_mia_vita__02_t_amo_mia_vita_gesualdo.mxl	data/cpdl/5-voices/reductions/string_quartet/163_t_amo_mia_vita.musicxml	data/cpdl/5-voices/renders/string_quartet_mp3/163_t_amo_mia_vita.mp3	outputs/transposition_comparison/obvious_key_signature/cpdl_5_voice_string_quartet/original/163_t_amo_mia_vita__t-1_to_+0.musicxml	outputs/transposition_comparison/obvious_key_signature/cpdl_5_voice_string_quartet/updated/163_t_amo_mia_vita__t-1_to_+0.musicxml	-1	0	4	1	3	0.336721	0.349741	0.01302	ok	
cpdl_5_voice_string_quartet	166	Tu m'uccidi, o crudele	data/cpdl/5-voices/sources/166_tu_m_uccidi_o_crudele__04_gesu_15tu.mxl	data/cpdl/5-voices/reductions/string_quartet/166_tu_m_uccidi_o_crudele.musicxml	data/cpdl/5-voices/renders/string_quartet_mp3/166_tu_m_uccidi_o_crudele.mp3	outputs/transposition_comparison/obvious_key_signature/cpdl_5_voice_string_quartet/original/166_tu_m_uccidi_o_crudele__t+1_to_+0.musicxml	outputs/transposition_comparison/obvious_key_signature/cpdl_5_voice_string_quartet/updated/166_tu_m_uccidi_o_crudele__t+1_to_+0.musicxml	1	0	5	0	5	0.366735	0.371453	0.00471734	ok	
cpdl_5_voice_string_quartet	167	Tu piangi, o Filli mia	data/cpdl/5-voices/sources/167_tu_piangi_o_filli_mia__02_tu_piangi_o_filli_mia_gesualdo.mxl	data/cpdl/5-voices/reductions/string_quartet/167_tu_piangi_o_filli_mia.musicxml	data/cpdl/5-voices/renders/string_quartet_mp3/167_tu_piangi_o_filli_mia.mp3	outputs/transposition_comparison/obvious_key_signature/cpdl_5_voice_string_quartet/original/167_tu_piangi_o_filli_mia__t+1_to_+0.musicxml	outputs/transposition_comparison/obvious_key_signature/cpdl_5_voice_string_quartet/updated/167_tu_piangi_o_filli_mia__t+1_to_+0.musicxml	1	0	6	1	5	0.36918	0.384012	0.0148319	ok	
cpdl_5_voice_string_quartet	17	Sancti Spiritus Domine	data/cpdl/5-voices/sources/017_sancti_spiritus_domine__02_gesualdo_sancti_spiritus_domine.mxl	data/cpdl/5-voices/reductions/string_quartet/017_sancti_spiritus_domine.musicxml	data/cpdl/5-voices/renders/string_quartet_mp3/017_sancti_spiritus_domine.mp3	outputs/transposition_comparison/obvious_key_signature/cpdl_5_voice_string_quartet/original/017_sancti_spiritus_domine__t+4_to_+2.musicxml	outputs/transposition_comparison/obvious_key_signature/cpdl_5_voice_string_quartet/updated/017_sancti_spiritus_domine__t+4_to_+2.musicxml	4	2	3	1	2	0.428192	0.444045	0.0158524	ok	
cpdl_5_voice_string_quartet	20	Venit lumen tuum	data/cpdl/5-voices/sources/020_venit_lumen_tuum__02_gesu_ven.mxl	data/cpdl/5-voices/reductions/string_quartet/020_venit_lumen_tuum.musicxml	data/cpdl/5-voices/renders/string_quartet_mp3/020_venit_lumen_tuum.mp3	outputs/transposition_comparison/obvious_key_signature/cpdl_5_voice_string_quartet/original/020_venit_lumen_tuum__t+2_to_+0.musicxml	outputs/transposition_comparison/obvious_key_signature/cpdl_5_voice_string_quartet/updated/020_venit_lumen_tuum__t+2_to_+0.musicxml	2	0	4	2	2	0.363667	0.374077	0.0104097	ok	
cpdl_5_voice_string_quartet	57	A voi, mentre il mio core	data/cpdl/5-voices/sources/057_a_voi_mentre_il_mio_core__02_a_voi_mentre_il_mio_core_gesualdo.mxl	data/cpdl/5-voices/reductions/string_quartet/057_a_voi_mentre_il_mio_core.musicxml	data/cpdl/5-voices/renders/string_quartet_mp3/057_a_voi_mentre_il_mio_core.mp3	outputs/transposition_comparison/obvious_key_signature/cpdl_5_voice_string_quartet/original/057_a_voi_mentre_il_mio_core__t-1_to_+0.musicxml	outputs/transposition_comparison/obvious_key_signature/cpdl_5_voice_string_quartet/updated/057_a_voi_mentre_il_mio_core__t-1_to_+0.musicxml	-1	0	5	0	5	0.338248	0.342575	0.00432646	ok	
cpdl_5_voice_string_quartet	60	Al mio gioir il ciel si fa sereno	data/cpdl/5-voices/sources/060_al_mio_gioir_il_ciel_si_fa_sereno__02_al_mio_gioir_gesualdo.mxl	data/cpdl/5-voices/reductions/string_quartet/060_al_mio_gioir_il_ciel_si_fa_sereno.musicxml	data/cpdl/5-voices/renders/string_quartet_mp3/060_al_mio_gioir_il_ciel_si_fa_sereno.mp3	outputs/transposition_comparison/obvious_key_signature/cpdl_5_voice_string_quartet/original/060_al_mio_gioir_il_ciel_si_fa_sereno__t-1_to_+0.musicxml	outputs/transposition_comparison/obvious_key_signature/cpdl_5_voice_string_quartet/updated/060_al_mio_gioir_il_ciel_si_fa_sereno__t-1_to_+0.musicxml	-1	0	4	1	3	0.367686	0.381181	0.0134952	ok	
cpdl_5_voice_string_quartet	76	Candido e verde fiore	data/cpdl/5-voices/sources/076_candido_e_verde_fiore__02_candido_e_verde_fiore_gesualdo.mxl	data/cpdl/5-voices/reductions/string_quartet/076_candido_e_verde_fiore.musicxml	data/cpdl/5-voices/renders/string_quartet_mp3/076_candido_e_verde_fiore.mp3	outputs/transposition_comparison/obvious_key_signature/cpdl_5_voice_string_quartet/original/076_candido_e_verde_fiore__t-1_to_+0.musicxml	outputs/transposition_comparison/obvious_key_signature/cpdl_5_voice_string_quartet/updated/076_candido_e_verde_fiore__t-1_to_+0.musicxml	-1	0	5	0	5	0.391196	0.392127	0.000930513	ok	
cpdl_5_voice_string_quartet	78	Che fai meco	data/cpdl/5-voices/sources/078_che_fai_meco__02_che_fai_meco_gesualdo.mxl	data/cpdl/5-voices/reductions/string_quartet/078_che_fai_meco.musicxml	data/cpdl/5-voices/renders/string_quartet_mp3/078_che_fai_meco.mp3	outputs/transposition_comparison/obvious_key_signature/cpdl_5_voice_string_quartet/original/078_che_fai_meco__t+1_to_+2.musicxml	outputs/transposition_comparison/obvious_key_signature/cpdl_5_voice_string_quartet/updated/078_che_fai_meco__t+1_to_+2.musicxml	1	2	6	1	5	0.418197	0.41914	0.000943038	ok	
cpdl_5_voice_string_quartet	79	Che sentir deve il petto mio	data/cpdl/5-voices/sources/079_che_sentir_deve_il_petto_mio__01_5_che_sentir_deve.mid	data/cpdl/5-voices/reductions/string_quartet/079_che_sentir_deve_il_petto_mio.musicxml	data/cpdl/5-voices/renders/string_quartet_mp3/079_che_sentir_deve_il_petto_mio.mp3	outputs/transposition_comparison/obvious_key_signature/cpdl_5_voice_string_quartet/original/079_che_sentir_deve_il_petto_mio__t+1_to_+0.musicxml	outputs/transposition_comparison/obvious_key_signature/cpdl_5_voice_string_quartet/updated/079_che_sentir_deve_il_petto_mio__t+1_to_+0.musicxml	1	0	6	1	5	0.356892	0.357337	0.000444862	ok	
cpdl_5_voice_string_quartet	81	Com'esser può ch'io viva	data/cpdl/5-voices/sources/081_com_esser_puo_ch_io_viva__01_gesualdo_come_esser_puo_ch_io_viva.mxl	data/cpdl/5-voices/reductions/string_quartet/081_com_esser_pu_ch_io_viva.musicxml	data/cpdl/5-voices/renders/string_quartet_mp3/081_com_esser_pu_ch_io_viva.mp3	outputs/transposition_comparison/obvious_key_signature/cpdl_5_voice_string_quartet/original/081_com_esser_pu_ch_io_viva__t+1_to_+0.musicxml	outputs/transposition_comparison/obvious_key_signature/cpdl_5_voice_string_quartet/updated/081_com_esser_pu_ch_io_viva__t+1_to_+0.musicxml	1	0	6	1	5	0.363351	0.373886	0.010535	ok	
cpdl_5_voice_string_quartet	83	Cor mio, deh, non piangete	data/cpdl/5-voices/sources/083_cor_mio_deh_non_piangete__02_cor_mio_deh_gesualdo.mxl	data/cpdl/5-voices/reductions/string_quartet/083_cor_mio_deh_non_piangete.musicxml	data/cpdl/5-voices/renders/string_quartet_mp3/083_cor_mio_deh_non_piangete.mp3	outputs/transposition_comparison/obvious_key_signature/cpdl_5_voice_string_quartet/original/083_cor_mio_deh_non_piangete__t+1_to_+0.musicxml	outputs/transposition_comparison/obvious_key_signature/cpdl_5_voice_string_quartet/updated/083_cor_mio_deh_non_piangete__t+1_to_+0.musicxml	1	0	5	0	5	0.442808	0.44595	0.00314243	ok	
cpdl_5_voice_string_quartet	84	Correte, amanti, a prova	data/cpdl/5-voices/sources/084_correte_amanti_a_prova__02_gesu_13cor.mxl	data/cpdl/5-voices/reductions/string_quartet/084_correte_amanti_a_prova.musicxml	data/cpdl/5-voices/renders/string_quartet_mp3/084_correte_amanti_a_prova.mp3	outputs/transposition_comparison/obvious_key_signature/cpdl_5_voice_string_quartet/original/084_correte_amanti_a_prova__t-1_to_+0.musicxml	outputs/transposition_comparison/obvious_key_signature/cpdl_5_voice_string_quartet/updated/084_correte_amanti_a_prova__t-1_to_+0.musicxml	-1	0	5	0	5	0.366253	0.36848	0.00222696	ok	
cpdl_5_voice_string_quartet	86	Dalle odorate spoglie	data/cpdl/5-voices/sources/086_dalle_odorate_spoglie__02_dalle_odorate_spoglie_gesualdo.mxl	data/cpdl/5-voices/reductions/string_quartet/086_dalle_odorate_spoglie.musicxml	data/cpdl/5-voices/renders/string_quartet_mp3/086_dalle_odorate_spoglie.mp3	outputs/transposition_comparison/obvious_key_signature/cpdl_5_voice_string_quartet/original/086_dalle_odorate_spoglie__t-1_to_+0.musicxml	outputs/transposition_comparison/obvious_key_signature/cpdl_5_voice_string_quartet/updated/086_dalle_odorate_spoglie__t-1_to_+0.musicxml	-1	0	5	0	5	0.37388	0.383206	0.00932614	ok	
cpdl_5_voice_string_quartet	92	Dolcissima mia vita	data/cpdl/5-voices/sources/092_dolcissima_mia_vita__02_dolcissima_mia_vita_gesualdo.mxl	data/cpdl/5-voices/reductions/string_quartet/092_dolcissima_mia_vita.musicxml	data/cpdl/5-voices/renders/string_quartet_mp3/092_dolcissima_mia_vita.mp3	outputs/transposition_comparison/obvious_key_signature/cpdl_5_voice_string_quartet/original/092_dolcissima_mia_vita__t+1_to_+0.musicxml	outputs/transposition_comparison/obvious_key_signature/cpdl_5_voice_string_quartet/updated/092_dolcissima_mia_vita__t+1_to_+0.musicxml	1	0	6	1	5	0.332651	0.340678	0.00802742	ok	
cpdl_5_voice_string_quartet	93	Dolcissimo sospiro	data/cpdl/5-voices/sources/093_dolcissimo_sospiro__01_gesualdo_dolcissimo_sospiro.mxl	data/cpdl/5-voices/reductions/string_quartet/093_dolcissimo_sospiro.musicxml	data/cpdl/5-voices/renders/string_quartet_mp3/093_dolcissimo_sospiro.mp3	outputs/transposition_comparison/obvious_key_signature/cpdl_5_voice_string_quartet/original/093_dolcissimo_sospiro__t-1_to_+0.musicxml	outputs/transposition_comparison/obvious_key_signature/cpdl_5_voice_string_quartet/updated/093_dolcissimo_sospiro__t-1_to_+0.musicxml	-1	0	4	1	3	0.365507	0.376366	0.0108593	ok	
cpdl_6_voice_string_quartet	31	Ecce quomodo moritur justus	data/cpdl/6-voices/sources/031_ecce_quomodo_moritur_justus__02_ecce_quomodo_gesualdo.mxl	data/cpdl/6-voices/reductions/string_quartet/031_ecce_quomodo_moritur_justus.musicxml	data/cpdl/6-voices/renders/string_quartet_mp3/031_ecce_quomodo_moritur_justus.mp3	outputs/transposition_comparison/obvious_key_signature/cpdl_6_voice_string_quartet/original/031_ecce_quomodo_moritur_justus__t+2_to_+0.musicxml	outputs/transposition_comparison/obvious_key_signature/cpdl_6_voice_string_quartet/updated/031_ecce_quomodo_moritur_justus__t+2_to_+0.musicxml	2	0	2	0	2	0.317326	0.320995	0.00366903	ok	
cpdl_6_voice_string_quartet	32	Ecce vidimus eum	data/cpdl/6-voices/sources/032_ecce_vidimus_eum__01_gesualdo_ecce_vidimus.mxl	data/cpdl/6-voices/reductions/string_quartet/032_ecce_vidimus_eum.musicxml	data/cpdl/6-voices/renders/string_quartet_mp3/032_ecce_vidimus_eum.mp3	outputs/transposition_comparison/obvious_key_signature/cpdl_6_voice_string_quartet/original/032_ecce_vidimus_eum__t+6_to_+7.musicxml	outputs/transposition_comparison/obvious_key_signature/cpdl_6_voice_string_quartet/updated/032_ecce_vidimus_eum__t+6_to_+7.musicxml	6	7	6	1	5	0.495395	0.388069	-0.107326	ok	
cpdl_6_voice_string_quartet	33	Franciscus humilis	data/cpdl/6-voices/sources/033_franciscus_humilis__01_18_franciscus_humilis.mxl	data/cpdl/6-voices/reductions/string_quartet/033_franciscus_humilis.musicxml	data/cpdl/6-voices/renders/string_quartet_mp3/033_franciscus_humilis.mp3	outputs/transposition_comparison/obvious_key_signature/cpdl_6_voice_string_quartet/original/033_franciscus_humilis__t+4_to_+2.musicxml	outputs/transposition_comparison/obvious_key_signature/cpdl_6_voice_string_quartet/updated/033_franciscus_humilis__t+4_to_+2.musicxml	4	2	3	1	2	0.355805	0.374715	0.0189099	ok	
cpdl_6_voice_string_quartet	34	Gaudeamus omnes	data/cpdl/6-voices/sources/034_gaudeamus_omnes__01_07_gaudeamus_omnes.mxl	data/cpdl/6-voices/reductions/string_quartet/034_gaudeamus_omnes.musicxml	data/cpdl/6-voices/renders/string_quartet_mp3/034_gaudeamus_omnes.mp3	outputs/transposition_comparison/obvious_key_signature/cpdl_6_voice_string_quartet/original/034_gaudeamus_omnes__t+1_to_+0.musicxml	outputs/transposition_comparison/obvious_key_signature/cpdl_6_voice_string_quartet/updated/034_gaudeamus_omnes__t+1_to_+0.musicxml	1	0	5	0	5	0.263334	0.264122	0.000788355	ok	
cpdl_6_voice_string_quartet	41	O vos omnes (1611)	data/cpdl/6-voices/sources/041_o_vos_omnes_1611__01_gesualdo_o_vos_omnes_a_6.mxl	data/cpdl/6-voices/reductions/string_quartet/041_o_vos_omnes_1611.musicxml	data/cpdl/6-voices/renders/string_quartet_mp3/041_o_vos_omnes_1611.mp3	outputs/transposition_comparison/obvious_key_signature/cpdl_6_voice_string_quartet/original/041_o_vos_omnes_1611__t+6_to_+7.musicxml	outputs/transposition_comparison/obvious_key_signature/cpdl_6_voice_string_quartet/updated/041_o_vos_omnes_1611__t+6_to_+7.musicxml	6	7	6	1	5	0.706007	0.598831	-0.107176	ok	
cpdl_6_voice_string_quartet	42	Plange quasi virgo	data/cpdl/6-voices/sources/042_plange_quasi_virgo__02_plange_quasi_virgo_gesualdo_tr.mxl	data/cpdl/6-voices/reductions/string_quartet/042_plange_quasi_virgo.musicxml	data/cpdl/6-voices/renders/string_quartet_mp3/042_plange_quasi_virgo.mp3	outputs/transposition_comparison/obvious_key_signature/cpdl_6_voice_string_quartet/original/042_plange_quasi_virgo__t+1_to_+2.musicxml	outputs/transposition_comparison/obvious_key_signature/cpdl_6_voice_string_quartet/updated/042_plange_quasi_virgo__t+1_to_+2.musicxml	1	2	4	1	3	0.418632	0.421288	0.00265637	ok	
cpdl_6_voice_string_quartet	44	Sana me Domine	data/cpdl/6-voices/sources/044_sana_me_domine__02_03_sana_me_domine.mxl	data/cpdl/6-voices/reductions/string_quartet/044_sana_me_domine.musicxml	data/cpdl/6-voices/renders/string_quartet_mp3/044_sana_me_domine.mp3	outputs/transposition_comparison/obvious_key_signature/cpdl_6_voice_string_quartet/original/044_sana_me_domine__t+3_to_+2.musicxml	outputs/transposition_comparison/obvious_key_signature/cpdl_6_voice_string_quartet/updated/044_sana_me_domine__t+3_to_+2.musicxml	3	2	4.0431	0.956897	3.08621	0.362523	0.376322	0.013799	ok	
cpdl_6_voice_string_quartet	50	Tenebræ factæ sunt	data/cpdl/6-voices/sources/050_tenebr_fact_sunt__01_gesualdo_tenebrae_factae_sunt.mxl	data/cpdl/6-voices/reductions/string_quartet/050_tenebr_fact_sunt.musicxml	data/cpdl/6-voices/renders/string_quartet_mp3/050_tenebr_fact_sunt.mp3	outputs/transposition_comparison/obvious_key_signature/cpdl_6_voice_string_quartet/original/050_tenebr_fact_sunt__t+6_to_+7.musicxml	outputs/transposition_comparison/obvious_key_signature/cpdl_6_voice_string_quartet/updated/050_tenebr_fact_sunt__t+6_to_+7.musicxml	6	7	5.00699	0.00699301	5	0.750077	0.577435	-0.172642	ok	
cpdl_6_voice_string_quartet	52	Veni Creator Spiritus, reple	data/cpdl/6-voices/sources/052_veni_creator_spiritus_reple__02_08_veni_creator_spiritus.mxl	data/cpdl/6-voices/reductions/string_quartet/052_veni_creator_spiritus_reple.musicxml	data/cpdl/6-voices/renders/string_quartet_mp3/052_veni_creator_spiritus_reple.mp3	outputs/transposition_comparison/obvious_key_signature/cpdl_6_voice_string_quartet/original/052_veni_creator_spiritus_reple__t+1_to_+0.musicxml	outputs/transposition_comparison/obvious_key_signature/cpdl_6_voice_string_quartet/updated/052_veni_creator_spiritus_reple__t+1_to_+0.musicxml	1	0	4	1	3	0.3474	0.356387	0.00898685	ok	
kdf_string_quartet	IV 15. A voi, mentre il mio core	15. A voi, mentre il mio core	data/kdf/book4/sources/book4_15_a_voi_mentre_il_mio_core.mid	data/kdf/book4/reductions/string_quartet/book4_15_a_voi_mentre_il_mio_core.musicxml	data/kdf/book4/renders/string_quartet_mp3/book4_15_a_voi_mentre_il_mio_core.mp3	outputs/transposition_comparison/obvious_key_signature/kdf_string_quartet/original/book4_15_a_voi_mentre_il_mio_core__t-1_to_+0.musicxml	outputs/transposition_comparison/obvious_key_signature/kdf_string_quartet/updated/book4_15_a_voi_mentre_il_mio_core__t-1_to_+0.musicxml	-1	0	5	0	5	0.338248	0.342575	0.00432646	ok	
kdf_string_quartet	IV 3-4. Io Tacerò	3-4. Io Tacerò	data/kdf/book4/sources/book4_03-04_io_tacero.mid	data/kdf/book4/reductions/string_quartet/book4_03-04_io_tacero.musicxml	data/kdf/book4/renders/string_quartet_mp3/book4_03-04_io_tacero.mp3	outputs/transposition_comparison/obvious_key_signature/kdf_string_quartet/original/book4_03-04_io_tacero__t+1_to_+2.musicxml	outputs/transposition_comparison/obvious_key_signature/kdf_string_quartet/updated/book4_03-04_io_tacero__t+1_to_+2.musicxml	1	2	6	1	5	0.492314	0.509071	0.0167562	ok	
kdf_string_quartet	IV 5. Che fai meco	5. Che fai meco	data/kdf/book4/sources/book4_05_che_fai_meco.mid	data/kdf/book4/reductions/string_quartet/book4_05_che_fai_meco.musicxml	data/kdf/book4/renders/string_quartet_mp3/book4_05_che_fai_meco.mp3	outputs/transposition_comparison/obvious_key_signature/kdf_string_quartet/original/book4_05_che_fai_meco__t+1_to_+2.musicxml	outputs/transposition_comparison/obvious_key_signature/kdf_string_quartet/updated/book4_05_che_fai_meco__t+1_to_+2.musicxml	1	2	6	1	5	0.418197	0.41914	0.000943038	ok	
kdf_string_quartet	IV 6. Questa crudele et pia	6. Questa crudele et pia	data/kdf/book4/sources/book4_06_questa_crudele_et_pia.mid	data/kdf/book4/reductions/string_quartet/book4_06_questa_crudele_et_pia.musicxml	data/kdf/book4/renders/string_quartet_mp3/book4_06_questa_crudele_et_pia.mp3	outputs/transposition_comparison/obvious_key_signature/kdf_string_quartet/original/book4_06_questa_crudele_et_pia__t+1_to_+0.musicxml	outputs/transposition_comparison/obvious_key_signature/kdf_string_quartet/updated/book4_06_questa_crudele_et_pia__t+1_to_+0.musicxml	1	0	6	1	5	0.321606	0.326589	0.00498265	ok	
kdf_string_quartet	IV 7-8. Or che in gioia	7-8. Or che in gioia	data/kdf/book4/sources/book4_07-08_or_che_in_gioia.mid	data/kdf/book4/reductions/string_quartet/book4_07-08_or_che_in_gioia.musicxml	data/kdf/book4/renders/string_quartet_mp3/book4_07-08_or_che_in_gioia.mp3	outputs/transposition_comparison/obvious_key_signature/kdf_string_quartet/original/book4_07-08_or_che_in_gioia__t-1_to_+0.musicxml	outputs/transposition_comparison/obvious_key_signature/kdf_string_quartet/updated/book4_07-08_or_che_in_gioia__t-1_to_+0.musicxml	-1	0	4	1	3	0.357012	0.367761	0.0107484	ok	
kdf_string_quartet	IV 9-10. Cor mio, deh, non piangete	9-10. Cor mio, deh, non piangete	data/kdf/book4/sources/book4_09-10_cor_mio_deh_non_piangete.mid	data/kdf/book4/reductions/string_quartet/book4_09-10_cor_mio_deh_non_piangete.musicxml	data/kdf/book4/renders/string_quartet_mp3/book4_09-10_cor_mio_deh_non_piangete.mp3	outputs/transposition_comparison/obvious_key_signature/kdf_string_quartet/original/book4_09-10_cor_mio_deh_non_piangete__t+1_to_+0.musicxml	outputs/transposition_comparison/obvious_key_signature/kdf_string_quartet/updated/book4_09-10_cor_mio_deh_non_piangete__t+1_to_+0.musicxml	1	0	5	0	5	0.442808	0.44595	0.00314243	ok	
kdf_string_quartet	VI 12. Càndido e verde fiore	12. Càndido e verde fiore	data/kdf/book6/sources/book6_12_candido_e_verde_fiore.mid	data/kdf/book6/reductions/string_quartet/book6_12_candido_e_verde_fiore.musicxml	data/kdf/book6/renders/string_quartet_mp3/book6_12_candido_e_verde_fiore.mp3	outputs/transposition_comparison/obvious_key_signature/kdf_string_quartet/original/book6_12_candido_e_verde_fiore__t-1_to_+0.musicxml	outputs/transposition_comparison/obvious_key_signature/kdf_string_quartet/updated/book6_12_candido_e_verde_fiore__t-1_to_+0.musicxml	-1	0	5	0	5	0.391196	0.392127	0.000930513	ok	
kdf_string_quartet	VI 19. Al mio gioir il ciel si fa sereno	19. Al mio gioir il ciel si fa sereno	data/kdf/book6/sources/book6_19_al_mio_gioir_il_ciel_si_fa_sereno.mid	data/kdf/book6/reductions/string_quartet/book6_19_al_mio_gioir_il_ciel_si_fa_sereno.musicxml	data/kdf/book6/renders/string_quartet_mp3/book6_19_al_mio_gioir_il_ciel_si_fa_sereno.mp3	outputs/transposition_comparison/obvious_key_signature/kdf_string_quartet/original/book6_19_al_mio_gioir_il_ciel_si_fa_sereno__t-1_to_+0.musicxml	outputs/transposition_comparison/obvious_key_signature/kdf_string_quartet/updated/book6_19_al_mio_gioir_il_ciel_si_fa_sereno__t-1_to_+0.musicxml	-1	0	4	1	3	0.367686	0.381181	0.0134952	ok	
kdf_string_quartet	VI 4. Resta di darmi noia	4. Resta di darmi noia	data/kdf/book6/sources/book6_04_resta_di_darmi_noia.mid	data/kdf/book6/reductions/string_quartet/book6_04_resta_di_darmi_noia.musicxml	data/kdf/book6/renders/string_quartet_mp3/book6_04_resta_di_darmi_noia.mp3	outputs/transposition_comparison/obvious_key_signature/kdf_string_quartet/original/book6_04_resta_di_darmi_noia__t+1_to_+0.musicxml	outputs/transposition_comparison/obvious_key_signature/kdf_string_quartet/updated/book6_04_resta_di_darmi_noia__t+1_to_+0.musicxml	1	0	5	0	5	0.473277	0.487886	0.0146089	ok	
