work_index	section	work_title	target	mode	source_path	source_format	source_parts	output_path	global_transposition	status	error
21	Sacred works for six voices	Ad te levavi animam meam	string_quartet	six_voice_quartet	data/cpdl/6-voices/sources/021_ad_te_levavi_animam_meam__02_17_ad_te_levavi_animam_meam.mxl	mxl	6	data/cpdl/6-voices/reductions/string_quartet/021_ad_te_levavi_animam_meam.musicxml	-1	ok	
22	Sacred works for six voices	Adoramus te Christe	string_quartet	six_voice_quartet	data/cpdl/6-voices/sources/022_adoramus_te_christe__01_10_adoramus_te_christe.mxl	mxl	6	data/cpdl/6-voices/reductions/string_quartet/022_adoramus_te_christe.musicxml	2	ok	
23	Sacred works for six voices	Aestimatus sum	string_quartet	six_voice_quartet	data/cpdl/6-voices/sources/023_aestimatus_sum__02_aestimatus_sum_gesualdo.mxl	mxl	6	data/cpdl/6-voices/reductions/string_quartet/023_aestimatus_sum.musicxml	2	ok	
24	Sacred works for six voices	Ardens est cor meum	string_quartet	six_voice_quartet	data/cpdl/6-voices/sources/024_ardens_est_cor_meum__01_14_ardens_est_cor_meum.mxl	mxl	6	data/cpdl/6-voices/reductions/string_quartet/024_ardens_est_cor_meum.musicxml	2	ok	
25	Sacred works for six voices	Assumpta est Maria	string_quartet	six_voice_quartet	data/cpdl/6-voices/sources/025_assumpta_est_maria__02_12_assumpta_est_maria.mxl	mxl	6	data/cpdl/6-voices/reductions/string_quartet/025_assumpta_est_maria.musicxml	2	ok	
26	Sacred works for six voices	Astiterunt reges terrae	string_quartet	six_voice_quartet	data/cpdl/6-voices/sources/026_astiterunt_reges_terrae__02_astiterunt_reges_gesualdo.mxl	mxl	6	data/cpdl/6-voices/reductions/string_quartet/026_astiterunt_reges_terrae.musicxml	2	ok	
27	Sacred works for six voices	Ave sanctissima	string_quartet	six_voice_quartet	data/cpdl/6-voices/sources/027_ave_sanctissima__02_04_ave_sanctissima.mxl	mxl	6	data/cpdl/6-voices/reductions/string_quartet/027_ave_sanctissima.musicxml	2	ok	
28	Sacred works for six voices	Da pacem Domine	string_quartet	six_voice_quartet	data/cpdl/6-voices/sources/028_da_pacem_domine__02_02_da_pacem_domine.mxl	mxl	6	data/cpdl/6-voices/reductions/string_quartet/028_da_pacem_domine.musicxml	2	ok	
29	Sacred works for six voices	Discedite a me	string_quartet	six_voice_quartet	data/cpdl/6-voices/sources/029_discedite_a_me__01_06_discedite_a_me.mxl	mxl	6	data/cpdl/6-voices/reductions/string_quartet/029_discedite_a_me.musicxml	2	ok	
30	Sacred works for six voices	Domine Deus	string_quartet	six_voice_quartet	data/cpdl/6-voices/sources/030_domine_deus__02_15_domine_deus.mxl	mxl	6	data/cpdl/6-voices/reductions/string_quartet/030_domine_deus.musicxml	4	ok	
31	Sacred works for six voices	Ecce quomodo moritur justus	string_quartet	six_voice_quartet	data/cpdl/6-voices/sources/031_ecce_quomodo_moritur_justus__02_ecce_quomodo_gesualdo.mxl	mxl	6	data/cpdl/6-voices/reductions/string_quartet/031_ecce_quomodo_moritur_justus.musicxml	0	ok	
32	Sacred works for six voices	Ecce vidimus eum	string_quartet	six_voice_quartet	data/cpdl/6-voices/sources/032_ecce_vidimus_eum__01_gesualdo_ecce_vidimus.mxl	mxl	6	data/cpdl/6-voices/reductions/string_quartet/032_ecce_vidimus_eum.musicxml	7	ok	
33	Sacred works for six voices	Franciscus humilis	string_quartet	six_voice_quartet	data/cpdl/6-voices/sources/033_franciscus_humilis__01_18_franciscus_humilis.mxl	mxl	6	data/cpdl/6-voices/reductions/string_quartet/033_franciscus_humilis.musicxml	2	ok	
34	Sacred works for six voices	Gaudeamus omnes	string_quartet	six_voice_quartet	data/cpdl/6-voices/sources/034_gaudeamus_omnes__01_07_gaudeamus_omnes.mxl	mxl	6	data/cpdl/6-voices/reductions/string_quartet/034_gaudeamus_omnes.musicxml	0	ok	
35	Sacred works for six voices	In monte Oliveti	string_quartet	six_voice_quartet	data/cpdl/6-voices/sources/035_in_monte_oliveti__01_in_monte_oliveti_gesualdo.mxl	mxl	6	data/cpdl/6-voices/reductions/string_quartet/035_in_monte_oliveti.musicxml	2	ok	
36	Sacred works for six voices	Jerusalem, surge	string_quartet	six_voice_quartet	data/cpdl/6-voices/sources/036_jerusalem_surge__01_tenebrae2.mid	mid	6	data/cpdl/6-voices/reductions/string_quartet/036_jerusalem_surge.musicxml	4	ok	
37	Sacred works for six voices	O anima sanctissima	string_quartet	six_voice_quartet	data/cpdl/6-voices/sources/037_o_anima_sanctissima__01_19_o_anima_sanctissima.mxl	mxl	6	data/cpdl/6-voices/reductions/string_quartet/037_o_anima_sanctissima.musicxml	4	ok	
38	Sacred works for six voices	O Beata Mater	string_quartet	six_voice_quartet	data/cpdl/6-voices/sources/038_o_beata_mater__02_16_o_beata_mater.mxl	mxl	6	data/cpdl/6-voices/reductions/string_quartet/038_o_beata_mater.musicxml	0	ok	
39	Sacred works for six voices	O Oriens	string_quartet	six_voice_quartet	data/cpdl/6-voices/sources/039_o_oriens__02_05_o_oriens.mxl	mxl	6	data/cpdl/6-voices/reductions/string_quartet/039_o_oriens.musicxml	4	ok	
40	Sacred works for six voices	O sacrum convivium	string_quartet	six_voice_quartet	data/cpdl/6-voices/sources/040_o_sacrum_convivium__02_09_o_sacrum_convivium.mxl	mxl	6	data/cpdl/6-voices/reductions/string_quartet/040_o_sacrum_convivium.musicxml	2	ok	
41	Sacred works for six voices	O vos omnes (1611)	string_quartet	six_voice_quartet	data/cpdl/6-voices/sources/041_o_vos_omnes_1611__01_gesualdo_o_vos_omnes_a_6.mxl	mxl	6	data/cpdl/6-voices/reductions/string_quartet/041_o_vos_omnes_1611.musicxml	7	ok	
42	Sacred works for six voices	Plange quasi virgo	string_quartet	six_voice_quartet	data/cpdl/6-voices/sources/042_plange_quasi_virgo__02_plange_quasi_virgo_gesualdo_tr.mxl	mxl	6	data/cpdl/6-voices/reductions/string_quartet/042_plange_quasi_virgo.musicxml	2	ok	
43	Sacred works for six voices	Recessit pastor noster	string_quartet	six_voice_quartet	data/cpdl/6-voices/sources/043_recessit_pastor_noster__01_recessit_pastor_gesualdo.mid	mid	6	data/cpdl/6-voices/reductions/string_quartet/043_recessit_pastor_noster.musicxml	2	ok	
44	Sacred works for six voices	Sana me Domine	string_quartet	six_voice_quartet	data/cpdl/6-voices/sources/044_sana_me_domine__02_03_sana_me_domine.mxl	mxl	6	data/cpdl/6-voices/reductions/string_quartet/044_sana_me_domine.musicxml	2	ok	
45	Sacred works for six voices	Sepulto Domino	string_quartet	six_voice_quartet	data/cpdl/6-voices/sources/045_sepulto_domino__02_sepulto_domino_gesualdo.mxl	mxl	6	data/cpdl/6-voices/reductions/string_quartet/045_sepulto_domino.musicxml	3	ok	
46	Sacred works for six voices	Sicut ovis ad occisionem	string_quartet	six_voice_quartet	data/cpdl/6-voices/sources/046_sicut_ovis_ad_occisionem__02_sicut_ovis_gesualdo.mxl	mxl	6	data/cpdl/6-voices/reductions/string_quartet/046_sicut_ovis_ad_occisionem.musicxml	4	ok	
50	Sacred works for six voices	Tenebræ factæ sunt	string_quartet	six_voice_quartet	data/cpdl/6-voices/sources/050_tenebr_fact_sunt__01_gesualdo_tenebrae_factae_sunt.mxl	mxl	6	data/cpdl/6-voices/reductions/string_quartet/050_tenebr_fact_sunt.musicxml	7	ok	
51	Sacred works for six voices	Tristis est anima mea	string_quartet	six_voice_quartet	data/cpdl/6-voices/sources/051_tristis_est_anima_mea__01_tristis_est_anima_mea_2_2_original_key.mxl	mxl	6	data/cpdl/6-voices/reductions/string_quartet/051_tristis_est_anima_mea.musicxml	3	ok	
52	Sacred works for six voices	Veni Creator Spiritus, reple	string_quartet	six_voice_quartet	data/cpdl/6-voices/sources/052_veni_creator_spiritus_reple__02_08_veni_creator_spiritus.mxl	mxl	6	data/cpdl/6-voices/reductions/string_quartet/052_veni_creator_spiritus_reple.musicxml	0	ok	
53	Sacred works for six voices	Veni sponsa Christi	string_quartet	six_voice_quartet	data/cpdl/6-voices/sources/053_veni_sponsa_christi__01_11_veni_sponsa_christi.mxl	mxl	6	data/cpdl/6-voices/reductions/string_quartet/053_veni_sponsa_christi.musicxml	2	ok	
54	Sacred works for six voices	Verba mea	string_quartet	six_voice_quartet	data/cpdl/6-voices/sources/054_verba_mea__02_13_verba_mea.mxl	mxl	6	data/cpdl/6-voices/reductions/string_quartet/054_verba_mea.musicxml	2	ok	
55	Sacred works for six voices	Virgo benedicta	string_quartet	six_voice_quartet	data/cpdl/6-voices/sources/055_virgo_benedicta__01_01_virgo_benedicta.mxl	mxl	6	data/cpdl/6-voices/reductions/string_quartet/055_virgo_benedicta.musicxml	4	ok	
172	Secular works for six voices	Donna, se m'ancidete	string_quartet	six_voice_quartet	data/cpdl/6-voices/sources/172_donna_se_m_ancidete__01_gesualdo_donna_se_m_ancidete.mxl	mxl	6	data/cpdl/6-voices/reductions/string_quartet/172_donna_se_m_ancidete.musicxml	0	ok	
173	Secular works for six voices	Il sol, qual or più splende	string_quartet	six_voice_quartet	data/cpdl/6-voices/sources/173_il_sol_qual_or_piu_splende__01_il_sol_qual_or_piu_splende.mxl	mxl	6	data/cpdl/6-voices/reductions/string_quartet/173_il_sol_qual_or_pi_splende.musicxml	0	ok	
