work_index	section	work_title	source_path	source_format	source_parts	output_path	global_transposition	status	error
2	Sacred works for five voices	Ave Regina coelorum	data/cpdl/002_ave_regina_coelorum__02_gesualdo_ave_regina_coelorum.mxl	mxl	5	data/cpdl_reductions/five_voice_string_quartet/002_ave_regina_coelorum__quartet_rhythm_first.musicxml	2	ok	
3	Sacred works for five voices	Ave, dulcissima Maria	data/cpdl/003_ave_dulcissima_maria__02_ave_dulcissima_maria_gesualdo.mxl	mxl	5	data/cpdl_reductions/five_voice_string_quartet/003_ave_dulcissima_maria__quartet_rhythm_first.musicxml	2	ok	
4	Sacred works for five voices	Deus refugium et virtus	data/cpdl/004_deus_refugium_et_virtus__02_gesualdo_deus_refugium.mxl	mxl	5	data/cpdl_reductions/five_voice_string_quartet/004_deus_refugium_et_virtus__quartet_rhythm_first.musicxml	2	ok	
5	Sacred works for five voices	Dignare me	data/cpdl/005_dignare_me__02_gesualdo_dignare_me.mxl	mxl	5	data/cpdl_reductions/five_voice_string_quartet/005_dignare_me__quartet_rhythm_first.musicxml	2	ok	
6	Sacred works for five voices	Domine ne despicias	data/cpdl/006_domine_ne_despicias__02_gesualdo_domine_ne_despicias.mxl	mxl	5	data/cpdl_reductions/five_voice_string_quartet/006_domine_ne_despicias__quartet_rhythm_first.musicxml	2	ok	
7	Sacred works for five voices	Exaudi Deus	data/cpdl/007_exaudi_deus__02_gesualdo_exaudi_deus.mxl	mxl	5	data/cpdl_reductions/five_voice_string_quartet/007_exaudi_deus__quartet_rhythm_first.musicxml	2	ok	
8	Sacred works for five voices	Hei mihi, Domine	data/cpdl/008_hei_mihi_domine__02_gesu_hei.mxl	mxl	5	data/cpdl_reductions/five_voice_string_quartet/008_hei_mihi_domine__quartet_rhythm_first.musicxml	2	ok	
9	Sacred works for five voices	Illumina faciem tuam	data/cpdl/009_illumina_faciem_tuam__02_illumina_faciem_tuam_gesualdo.mxl	mxl	5	data/cpdl_reductions/five_voice_string_quartet/009_illumina_faciem_tuam__quartet_rhythm_first.musicxml	2	ok	
10	Sacred works for five voices	Laboravi in gemitu meo	data/cpdl/010_laboravi_in_gemitu_meo__02_gesualdo_laboravi.mxl	mxl	5	data/cpdl_reductions/five_voice_string_quartet/010_laboravi_in_gemitu_meo__quartet_rhythm_first.musicxml	4	ok	
11	Sacred works for five voices	Maria, mater gratiae	data/cpdl/011_maria_mater_gratiae__02_gesualdo_maria_mater_gratiae.mxl	mxl	5	data/cpdl_reductions/five_voice_string_quartet/011_maria_mater_gratiae__quartet_rhythm_first.musicxml	2	ok	
12	Sacred works for five voices	O Crux benedicta	data/cpdl/012_o_crux_benedicta__02_gesualdo_o_crux_benedicta.mxl	mxl	5	data/cpdl_reductions/five_voice_string_quartet/012_o_crux_benedicta__quartet_rhythm_first.musicxml	0	ok	
13	Sacred works for five voices	O vos omnes (1603)	data/cpdl/013_o_vos_omnes_1603__02_gesualdo_ovosomnes.mxl	mxl	5	data/cpdl_reductions/five_voice_string_quartet/013_o_vos_omnes_1603__quartet_rhythm_first.musicxml	3	ok	
14	Sacred works for five voices	Peccantem me quotidie	data/cpdl/014_peccantem_me_quotidie__02_gesualdo_peccantum_me.mxl	mxl	5	data/cpdl_reductions/five_voice_string_quartet/014_peccantem_me_quotidie__quartet_rhythm_first.musicxml	2	ok	
15	Sacred works for five voices	Precibus et meritis	data/cpdl/015_precibus_et_meritis__02_gesualdo_precibus.mxl	mxl	5	data/cpdl_reductions/five_voice_string_quartet/015_precibus_et_meritis__quartet_rhythm_first.musicxml	2	ok	
16	Sacred works for five voices	Reminiscere	data/cpdl/016_reminiscere__02_gesualdo_reminiscere.mxl	mxl	5	data/cpdl_reductions/five_voice_string_quartet/016_reminiscere__quartet_rhythm_first.musicxml	1	ok	
17	Sacred works for five voices	Sancti Spiritus Domine	data/cpdl/017_sancti_spiritus_domine__02_gesualdo_sancti_spiritus_domine.mxl	mxl	5	data/cpdl_reductions/five_voice_string_quartet/017_sancti_spiritus_domine__quartet_rhythm_first.musicxml	4	ok	
18	Sacred works for five voices	Tribularer si nescirem	data/cpdl/018_tribularer_si_nescirem__02_gesualdo_tribularer19.mxl	mxl	5	data/cpdl_reductions/five_voice_string_quartet/018_tribularer_si_nescirem__quartet_rhythm_first.musicxml	0	ok	
19	Sacred works for five voices	Tribulationem et dolorem	data/cpdl/019_tribulationem_et_dolorem__02_tribulationem_et_dolorem_gesualdo.mxl	mxl	5	data/cpdl_reductions/five_voice_string_quartet/019_tribulationem_et_dolorem__quartet_rhythm_first.musicxml	2	ok	
20	Sacred works for five voices	Venit lumen tuum	data/cpdl/020_venit_lumen_tuum__02_gesu_ven.mxl	mxl	5	data/cpdl_reductions/five_voice_string_quartet/020_venit_lumen_tuum__quartet_rhythm_first.musicxml	2	ok	
57	Secular works for five voices	A voi, mentre il mio core	data/cpdl/057_a_voi_mentre_il_mio_core__02_a_voi_mentre_il_mio_core_gesualdo.mxl	mxl	5	data/cpdl_reductions/five_voice_string_quartet/057_a_voi_mentre_il_mio_core__quartet_rhythm_first.musicxml	-1	ok	
58	Secular works for five voices	Ahi, disperata vita	data/cpdl/058_ahi_disperata_vita__01_gesualdo_ahi_disperata_vita.mxl	mxl	5	data/cpdl_reductions/five_voice_string_quartet/058_ahi_disperata_vita__quartet_rhythm_first.musicxml	2	ok	
59	Secular works for five voices	Ahi, dispietata e cruda				data/cpdl_reductions/five_voice_string_quartet/059_ahi_dispietata_e_cruda__quartet_rhythm_first.musicxml		error	data/cpdl/059_ahi_dispietata_e_cruda__01_gesualdo_ahi_dispietata_e_cruda.mxl: reduction failed: Violin I has overlapping source events near measure 6: p0:e9
60	Secular works for five voices	Al mio gioir il ciel si fa sereno	data/cpdl/060_al_mio_gioir_il_ciel_si_fa_sereno__02_al_mio_gioir_gesualdo.mxl	mxl	5	data/cpdl_reductions/five_voice_string_quartet/060_al_mio_gioir_il_ciel_si_fa_sereno__quartet_rhythm_first.musicxml	-1	ok	
61	Secular works for five voices	All' ombra de gl'allori	data/cpdl/061_all_ombra_de_gl_allori__02_gesualdo_all_ombra_de_gl_allori.mxl	mxl	5	data/cpdl_reductions/five_voice_string_quartet/061_all_ombra_de_gl_allori__quartet_rhythm_first.musicxml	2	ok	
62	Secular works for five voices	All'apparir di quelle luci ardenti	data/cpdl/062_all_apparir_di_quelle_luci_ardenti__02_gesualdo_all_apparir_di_quelle_luci_ardenti.mxl	mxl	5	data/cpdl_reductions/five_voice_string_quartet/062_all_apparir_di_quelle_luci_ardenti__quartet_rhythm_first.musicxml	0	ok	
63	Secular works for five voices	Alme d'Amor rubelle	data/cpdl/063_alme_d_amor_rubelle__02_alme_d_amor_rubelle_gesualdo.mxl	mxl	5	data/cpdl_reductions/five_voice_string_quartet/063_alme_d_amor_rubelle__quartet_rhythm_first.musicxml	-1	ok	
64	Secular works for five voices	Amor pace non chero	data/cpdl/064_amor_pace_non_chero__01_gesualdo_amor_pace_non_chero.mxl	mxl	5	data/cpdl_reductions/five_voice_string_quartet/064_amor_pace_non_chero__quartet_rhythm_first.musicxml	-1	ok	
65	Secular works for five voices	Ancide sol la morte	data/cpdl/065_ancide_sol_la_morte__02_ancide_sol_la_morte_gesualdo.mxl	mxl	5	data/cpdl_reductions/five_voice_string_quartet/065_ancide_sol_la_morte__quartet_rhythm_first.musicxml	0	ok	
66	Secular works for five voices	Ancidetemi pur, grievi martiri	data/cpdl/066_ancidetemi_pur_grievi_martiri__01_gesualdo_ancidetemi_pur_grievi_martiri.mxl	mxl	5	data/cpdl_reductions/five_voice_string_quartet/066_ancidetemi_pur_grievi_martiri__quartet_rhythm_first.musicxml	0	ok	
67	Secular works for five voices	Ancor che per amarti	data/cpdl/067_ancor_che_per_amarti__02_ancor_che_per_amarti_gesualdo.mxl	mxl	5	data/cpdl_reductions/five_voice_string_quartet/067_ancor_che_per_amarti__quartet_rhythm_first.musicxml	0	ok	
68	Secular works for five voices	Arde il mio cor	data/cpdl/068_arde_il_mio_cor__02_arde_il_mio_cor_gesualdo.mxl	mxl	5	data/cpdl_reductions/five_voice_string_quartet/068_arde_il_mio_cor__quartet_rhythm_first.musicxml	0	ok	
69	Secular works for five voices	Ardita zanzaretta	data/cpdl/069_ardita_zanzaretta__02_ardita_zanzaretta_gesualdo.mxl	mxl	5	data/cpdl_reductions/five_voice_string_quartet/069_ardita_zanzaretta__quartet_rhythm_first.musicxml	1	ok	
70	Secular works for five voices	Ardo per te, mio bene	data/cpdl/070_ardo_per_te_mio_bene__02_ardo_per_te_mio_bene_gesualdo.mxl	mxl	5	data/cpdl_reductions/five_voice_string_quartet/070_ardo_per_te_mio_bene__quartet_rhythm_first.musicxml	2	ok	
71	Secular works for five voices	Asciugate i begli occhi	data/cpdl/071_asciugate_i_begli_occhi__02_gesu_14asc.mxl	mxl	5	data/cpdl_reductions/five_voice_string_quartet/071_asciugate_i_begli_occhi__quartet_rhythm_first.musicxml	1	ok	
72	Secular works for five voices	Baci soavi e cari	data/cpdl/072_baci_soavi_e_cari__02_gesualdo_baci_soavi_e_cari.mxl	mxl	5	data/cpdl_reductions/five_voice_string_quartet/072_baci_soavi_e_cari__quartet_rhythm_first.musicxml	0	ok	
73	Secular works for five voices	Bella Angioletta	data/cpdl/073_bella_angioletta__01_gesualdo_bella_angioletta.mxl	mxl	5	data/cpdl_reductions/five_voice_string_quartet/073_bella_angioletta__quartet_rhythm_first.musicxml	0	ok	
74	Secular works for five voices	Beltà poi che t'assenti	data/cpdl/074_belta_poi_che_t_assenti__02_belta_poi_che_t_assenti.mxl	mxl	5	data/cpdl_reductions/five_voice_string_quartet/074_belt_poi_che_t_assenti__quartet_rhythm_first.musicxml	0	ok	
75	Secular works for five voices	Candida man qual neve	data/cpdl/075_candida_man_qual_neve__02_gesualdo_candida_man_qual_neve.mxl	mxl	5	data/cpdl_reductions/five_voice_string_quartet/075_candida_man_qual_neve__quartet_rhythm_first.musicxml	0	ok	
76	Secular works for five voices	Candido e verde fiore	data/cpdl/076_candido_e_verde_fiore__02_candido_e_verde_fiore_gesualdo.mxl	mxl	5	data/cpdl_reductions/five_voice_string_quartet/076_candido_e_verde_fiore__quartet_rhythm_first.musicxml	-1	ok	
77	Secular works for five voices	Caro amoroso neo	data/cpdl/077_caro_amoroso_neo__01_gesualdo_caro_amoroso_neo.mxl	mxl	5	data/cpdl_reductions/five_voice_string_quartet/077_caro_amoroso_neo__quartet_rhythm_first.musicxml	-1	ok	
78	Secular works for five voices	Che fai meco	data/cpdl/078_che_fai_meco__02_che_fai_meco_gesualdo.mxl	mxl	5	data/cpdl_reductions/five_voice_string_quartet/078_che_fai_meco__quartet_rhythm_first.musicxml	1	ok	
79	Secular works for five voices	Che sentir deve il petto mio	data/cpdl/079_che_sentir_deve_il_petto_mio__01_5_che_sentir_deve.mid	mid	5	data/cpdl_reductions/five_voice_string_quartet/079_che_sentir_deve_il_petto_mio__quartet_rhythm_first.musicxml	1	ok	
80	Secular works for five voices	Chiaro risplender suole	data/cpdl/080_chiaro_risplender_suole__02_chiaro_risplender_suole_gesualdo.mxl	mxl	5	data/cpdl_reductions/five_voice_string_quartet/080_chiaro_risplender_suole__quartet_rhythm_first.musicxml	0	ok	
81	Secular works for five voices	Com'esser può ch'io viva	data/cpdl/081_com_esser_puo_ch_io_viva__01_gesualdo_come_esser_puo_ch_io_viva.mxl	mxl	5	data/cpdl_reductions/five_voice_string_quartet/081_com_esser_pu_ch_io_viva__quartet_rhythm_first.musicxml	1	ok	
82	Secular works for five voices	Come vivrai cor mio	data/cpdl/082_come_vivrai_cor_mio__02_gesualdo_come_vivrai_cor_mio.mxl	mxl	5	data/cpdl_reductions/five_voice_string_quartet/082_come_vivrai_cor_mio__quartet_rhythm_first.musicxml	2	ok	
83	Secular works for five voices	Cor mio, deh, non piangete	data/cpdl/083_cor_mio_deh_non_piangete__02_cor_mio_deh_gesualdo.mxl	mxl	5	data/cpdl_reductions/five_voice_string_quartet/083_cor_mio_deh_non_piangete__quartet_rhythm_first.musicxml	1	ok	
84	Secular works for five voices	Correte, amanti, a prova	data/cpdl/084_correte_amanti_a_prova__02_gesu_13cor.mxl	mxl	5	data/cpdl_reductions/five_voice_string_quartet/084_correte_amanti_a_prova__quartet_rhythm_first.musicxml	-1	ok	
85	Secular works for five voices	Crudelissima doglia				data/cpdl_reductions/five_voice_string_quartet/085_crudelissima_doglia__quartet_rhythm_first.musicxml		error	data/cpdl/085_crudelissima_doglia__01_gesualdo_crudelissima_doglia.mxl: reduction failed: Violoncello has overlapping source events near measure 11: p4:e20
86	Secular works for five voices	Dalle odorate spoglie	data/cpdl/086_dalle_odorate_spoglie__02_dalle_odorate_spoglie_gesualdo.mxl	mxl	5	data/cpdl_reductions/five_voice_string_quartet/086_dalle_odorate_spoglie__quartet_rhythm_first.musicxml	-1	ok	
87	Secular works for five voices	Deh coprite il bel seno	data/cpdl/087_deh_coprite_il_bel_seno__02_gesu_16de.mxl	mxl	5	data/cpdl_reductions/five_voice_string_quartet/087_deh_coprite_il_bel_seno__quartet_rhythm_first.musicxml	0	ok	
88	Secular works for five voices	Deh, come invan sospiro	data/cpdl/088_deh_come_invan_sospiro__02_deh_come_invan_gesualdo.mxl	mxl	5	data/cpdl_reductions/five_voice_string_quartet/088_deh_come_invan_sospiro__quartet_rhythm_first.musicxml	0	ok	
89	Secular works for five voices	Deh, se già fu crudele				data/cpdl_reductions/five_voice_string_quartet/089_deh_se_gi_fu_crudele__quartet_rhythm_first.musicxml		error	data/cpdl/089_deh_se_gia_fu_crudele__01_gesualdo_deh_se_gia_fu_crudele.mxl: reduction failed: Violin I has overlapping source events near measure 18: p0:e45
90	Secular works for five voices	Del bel de bei vostri occhi	data/cpdl/090_del_bel_de_bei_vostri_occhi__01_gesualdo_del_bel_de_bei_vostri_occhi.mxl	mxl	5	data/cpdl_reductions/five_voice_string_quartet/090_del_bel_de_bei_vostri_occhi__quartet_rhythm_first.musicxml	0	ok	
91	Secular works for five voices	Dolce spirto d'amore	data/cpdl/091_dolce_spirto_d_amore__01_gesualdo_dolce_spirto_d_amore.mxl	mxl	5	data/cpdl_reductions/five_voice_string_quartet/091_dolce_spirto_d_amore__quartet_rhythm_first.musicxml	0	ok	
92	Secular works for five voices	Dolcissima mia vita	data/cpdl/092_dolcissima_mia_vita__02_dolcissima_mia_vita_gesualdo.mxl	mxl	5	data/cpdl_reductions/five_voice_string_quartet/092_dolcissima_mia_vita__quartet_rhythm_first.musicxml	1	ok	
93	Secular works for five voices	Dolcissimo sospiro	data/cpdl/093_dolcissimo_sospiro__01_gesualdo_dolcissimo_sospiro.mxl	mxl	5	data/cpdl_reductions/five_voice_string_quartet/093_dolcissimo_sospiro__quartet_rhythm_first.musicxml	-1	ok	
95	Secular works for five voices	Ecco, morirò dunque	data/cpdl/095_ecco_moriro_dunque__02_ecco_moriro_dunque_gesualdo.mxl	mxl	5	data/cpdl_reductions/five_voice_string_quartet/095_ecco_morir_dunque__quartet_rhythm_first.musicxml	0	ok	
96	Secular works for five voices	Felice primavera	data/cpdl/096_felice_primavera__02_gesualdo_felice_primavera.mxl	mxl	5	data/cpdl_reductions/five_voice_string_quartet/096_felice_primavera__quartet_rhythm_first.musicxml	0	ok	
97	Secular works for five voices	Felicissimo sonno	data/cpdl/097_felicissimo_sonno__02_gesu_7fel.mxl	mxl	5	data/cpdl_reductions/five_voice_string_quartet/097_felicissimo_sonno__quartet_rhythm_first.musicxml	2	ok	
98	Secular works for five voices	Gelo ha madonna il seno	data/cpdl/098_gelo_ha_madonna_il_seno__01_gesualdo_gelo.mxl	mxl	5	data/cpdl_reductions/five_voice_string_quartet/098_gelo_ha_madonna_il_seno__quartet_rhythm_first.musicxml	2	ok	
99	Secular works for five voices	Gioite voi col canto	data/cpdl/099_gioite_voi_col_canto__02_gioite_voi_gesualdo.mxl	mxl	5	data/cpdl_reductions/five_voice_string_quartet/099_gioite_voi_col_canto__quartet_rhythm_first.musicxml	0	ok	
100	Secular works for five voices	Già piansi nel dolore	data/cpdl/100_gia_piansi_nel_dolore__02_gia_piansi_nel_dolore_gesualdo.mxl	mxl	5	data/cpdl_reductions/five_voice_string_quartet/100_gi_piansi_nel_dolore__quartet_rhythm_first.musicxml	0	ok	
101	Secular works for five voices	Hai rotto e sciolto e spento	data/cpdl/101_hai_rotto_e_sciolto_e_spento__02_hai_rotto_gesualdo.mxl	mxl	5	data/cpdl_reductions/five_voice_string_quartet/101_hai_rotto_e_sciolto_e_spento__quartet_rhythm_first.musicxml	1	ok	
102	Secular works for five voices	In più leggiadro velo	data/cpdl/102_in_piu_leggiadro_velo__01_gesualdo_in_piu_leggiadro_velo.mxl	mxl	5	data/cpdl_reductions/five_voice_string_quartet/102_in_pi_leggiadro_velo__quartet_rhythm_first.musicxml	0	ok	
103	Secular works for five voices	Io parto, e non più dissi	data/cpdl/103_io_parto_e_non_piu_dissi__02_io_parto_gesualdo.mxl	mxl	5	data/cpdl_reductions/five_voice_string_quartet/103_io_parto_e_non_pi_dissi__quartet_rhythm_first.musicxml	0	ok	
104	Secular works for five voices	Io pur respiro in così gran dolore	data/cpdl/104_io_pur_respiro_in_cosi_gran_dolore__02_io_pur_respiro_gesualdo.mxl	mxl	5	data/cpdl_reductions/five_voice_string_quartet/104_io_pur_respiro_in_cos_gran_dolore__quartet_rhythm_first.musicxml	0	ok	
105	Secular works for five voices	Io tacerò	data/cpdl/105_io_tacero__02_io_tacero_gesualdo.mxl	mxl	5	data/cpdl_reductions/five_voice_string_quartet/105_io_tacer__quartet_rhythm_first.musicxml	1	ok	
106	Secular works for five voices	Itene o miei sospiri	data/cpdl/106_itene_o_miei_sospiri__02_gesu_3ite.mxl	mxl	5	data/cpdl_reductions/five_voice_string_quartet/106_itene_o_miei_sospiri__quartet_rhythm_first.musicxml	-1	ok	
107	Secular works for five voices	Languisce al fin chi da la vita parte	data/cpdl/107_languisce_al_fin_chi_da_la_vita_parte__02_gesu_10la.mxl	mxl	5	data/cpdl_reductions/five_voice_string_quartet/107_languisce_al_fin_chi_da_la_vita_parte__quartet_rhythm_first.musicxml	0	ok	
108	Secular works for five voices	Languisce e moro, ahi, cruda				data/cpdl_reductions/five_voice_string_quartet/108_languisce_e_moro_ahi_cruda__quartet_rhythm_first.musicxml		error	data/cpdl/108_languisce_e_moro_ahi_cruda__01_gesualdo_languisce_e_moro_ahi_cruda.mxl: reduction failed: Violin I has overlapping source events near measure 17: p0:e17
109	Secular works for five voices	Luci serene e chiare	data/cpdl/109_luci_serene_e_chiare__01_gesualdo_luciserene.mxl	mxl	5	data/cpdl_reductions/five_voice_string_quartet/109_luci_serene_e_chiare__quartet_rhythm_first.musicxml	0	ok	
110	Secular works for five voices	Ma se avverrà ch'io moia	data/cpdl/110_ma_se_avverra_ch_io_moia__01_8_ma_se_averra.mid	mid	5	data/cpdl_reductions/five_voice_string_quartet/110_ma_se_avverr_ch_io_moia__quartet_rhythm_first.musicxml	4	ok	
111	Secular works for five voices	Ma se tale ha costei	data/cpdl/111_ma_se_tale_ha_costei__01_ma_se_tale_ha_costei.mid	mid	5	data/cpdl_reductions/five_voice_string_quartet/111_ma_se_tale_ha_costei__quartet_rhythm_first.musicxml	-1	ok	
112	Secular works for five voices	Ma tu, cagion di quella atroce pena	data/cpdl/112_ma_tu_cagion_di_quella_atroce_pena__02_gesu_18ma.mxl	mxl	5	data/cpdl_reductions/five_voice_string_quartet/112_ma_tu_cagion_di_quella_atroce_pena__quartet_rhythm_first.musicxml	2	ok	
113	Secular works for five voices	Madonna, io ben vorrei	data/cpdl/113_madonna_io_ben_vorrei__02_gesualdo_madonna_io_ben_vorrei.mxl	mxl	5	data/cpdl_reductions/five_voice_string_quartet/113_madonna_io_ben_vorrei__quartet_rhythm_first.musicxml	2	ok	
114	Secular works for five voices	Mentre gira costei	data/cpdl/114_mentre_gira_costei__02_mentre_gira_costei_gesualdo.mxl	mxl	5	data/cpdl_reductions/five_voice_string_quartet/114_mentre_gira_costei__quartet_rhythm_first.musicxml	0	ok	
115	Secular works for five voices	Mentre madonna il lasso fianco posa	data/cpdl/115_mentre_madonna_il_lasso_fianco_posa__02_gesualdo_mentre_madonna_il_lasso_fianco_posa.mxl	mxl	5	data/cpdl_reductions/five_voice_string_quartet/115_mentre_madonna_il_lasso_fianco_posa__quartet_rhythm_first.musicxml	0	ok	
116	Secular works for five voices	Mentre, mia stella, miri	data/cpdl/116_mentre_mia_stella_miri__01_gesualdo_mentre_mia_stella_miri.mxl	mxl	5	data/cpdl_reductions/five_voice_string_quartet/116_mentre_mia_stella_miri__quartet_rhythm_first.musicxml	0	ok	
117	Secular works for five voices	Meraviglia d'Amore	data/cpdl/117_meraviglia_d_amore__01_gesualdo_meraviglia_d_amore.mxl	mxl	5	data/cpdl_reductions/five_voice_string_quartet/117_meraviglia_d_amore__quartet_rhythm_first.musicxml	0	ok	
118	Secular works for five voices	Mercè grido piangendo	data/cpdl/118_merce_grido_piangendo__02_gesu_11me.mxl	mxl	5	data/cpdl_reductions/five_voice_string_quartet/118_merc_grido_piangendo__quartet_rhythm_first.musicxml	0	ok	
119	Secular works for five voices	Mille volte il di	data/cpdl/119_mille_volte_il_di__02_mille_volte_il_di_gesualdo.mxl	mxl	5	data/cpdl_reductions/five_voice_string_quartet/119_mille_volte_il_di__quartet_rhythm_first.musicxml	2	ok	
120	Secular works for five voices	Moro, e mentre sospiro	data/cpdl/120_moro_e_mentre_sospiro__02_moro_e_mentre_sospiro_gesualdo.mxl	mxl	5	data/cpdl_reductions/five_voice_string_quartet/120_moro_e_mentre_sospiro__quartet_rhythm_first.musicxml	2	ok	
121	Secular works for five voices	Moro, lasso, al mio duolo	data/cpdl/121_moro_lasso_al_mio_duolo__02_moro_lasso_gesualdo.mxl	mxl	5	data/cpdl_reductions/five_voice_string_quartet/121_moro_lasso_al_mio_duolo__quartet_rhythm_first.musicxml	0	ok	
123	Secular works for five voices	Non mai non cangerò stato	data/cpdl/123_non_mai_non_cangero_stato__02_gesualdo_non_mai_non_cangero.mxl	mxl	5	data/cpdl_reductions/five_voice_string_quartet/123_non_mai_non_canger_stato__quartet_rhythm_first.musicxml	1	ok	
124	Secular works for five voices	Non mi toglia il ben mio	data/cpdl/124_non_mi_toglia_il_ben_mio__01_gesualdo_nonmitoglia.mxl	mxl	5	data/cpdl_reductions/five_voice_string_quartet/124_non_mi_toglia_il_ben_mio__quartet_rhythm_first.musicxml	-1	ok	
125	Secular works for five voices	Non mirar, non mirare	data/cpdl/125_non_mirar_non_mirare__01_gesualdo_non_mirar_non_mirare.mxl	mxl	5	data/cpdl_reductions/five_voice_string_quartet/125_non_mirar_non_mirare__quartet_rhythm_first.musicxml	1	ok	
126	Secular works for five voices	Non t'amo, o voce ingrata				data/cpdl_reductions/five_voice_string_quartet/126_non_t_amo_o_voce_ingrata__quartet_rhythm_first.musicxml		error	data/cpdl/126_non_t_amo_o_voce_ingrata__01_gesualdo_non_t_amo_o_voce_ingrata.mxl: reduction failed: Violin I has overlapping source events near measure 6: p0:e7
127	Secular works for five voices	Non è questa la mano	data/cpdl/127_non_e_questa_la_mano__01_gesualdo_non_e_questa_la_mano.mxl	mxl	5	data/cpdl_reductions/five_voice_string_quartet/127_non_questa_la_mano__quartet_rhythm_first.musicxml	0	ok	
128	Secular works for five voices	O com'è gran martire	data/cpdl/128_o_com_e_gran_martire__01_gesualdo_o_com_e_gran_martire.mxl	mxl	5	data/cpdl_reductions/five_voice_string_quartet/128_o_com_gran_martire__quartet_rhythm_first.musicxml	0	ok	
129	Secular works for five voices	O dolce mio martire	data/cpdl/129_o_dolce_mio_martire__01_gesualdo_o_dolce_mio_martire.mxl	mxl	5	data/cpdl_reductions/five_voice_string_quartet/129_o_dolce_mio_martire__quartet_rhythm_first.musicxml	2	ok	
130	Secular works for five voices	O dolce mio tesoro	data/cpdl/130_o_dolce_mio_tesoro__02_o_dolce_mio_tesoro_gesualdo.mxl	mxl	5	data/cpdl_reductions/five_voice_string_quartet/130_o_dolce_mio_tesoro__quartet_rhythm_first.musicxml	0	ok	
131	Secular works for five voices	O dolorosa gioia	data/cpdl/131_o_dolorosa_gioia__02_gesu_5odo.mxl	mxl	5	data/cpdl_reductions/five_voice_string_quartet/131_o_dolorosa_gioia__quartet_rhythm_first.musicxml	1	ok	
132	Secular works for five voices	O mal nati messagi	data/cpdl/132_o_mal_nati_messagi__02_o_mal_nati_messagi_gesualdo.mxl	mxl	5	data/cpdl_reductions/five_voice_string_quartet/132_o_mal_nati_messagi__quartet_rhythm_first.musicxml	-1	ok	
134	Secular works for five voices	O tenebroso giorno	data/cpdl/134_o_tenebroso_giorno__02_gesu_19ote.mxl	mxl	5	data/cpdl_reductions/five_voice_string_quartet/134_o_tenebroso_giorno__quartet_rhythm_first.musicxml	2	ok	
135	Secular works for five voices	O voi troppo felici	data/cpdl/135_o_voi_troppo_felici__02_gesu_12ovoi.mxl	mxl	5	data/cpdl_reductions/five_voice_string_quartet/135_o_voi_troppo_felici__quartet_rhythm_first.musicxml	0	ok	
136	Secular works for five voices	Occhi del mio cor vita	data/cpdl/136_occhi_del_mio_cor_vita__02_gesu_9occhisattb.mxl	mxl	5	data/cpdl_reductions/five_voice_string_quartet/136_occhi_del_mio_cor_vita__quartet_rhythm_first.musicxml	1	ok	
137	Secular works for five voices	Or, che in gioia	data/cpdl/137_or_che_in_gioia__02_or_che_in_gioia_gesualdo.mxl	mxl	5	data/cpdl_reductions/five_voice_string_quartet/137_or_che_in_gioia__quartet_rhythm_first.musicxml	-1	ok	
138	Secular works for five voices	Poichè l'avida sete	data/cpdl/138_poiche_l_avida_sete__02_gesu_17poi.mxl	mxl	5	data/cpdl_reductions/five_voice_string_quartet/138_poich_l_avida_sete__quartet_rhythm_first.musicxml	2	ok	
139	Secular works for five voices	Qual fora, donna	data/cpdl/139_qual_fora_donna__02_gesu_6qu.mxl	mxl	5	data/cpdl_reductions/five_voice_string_quartet/139_qual_fora_donna__quartet_rhythm_first.musicxml	1	ok	
140	Secular works for five voices	Quando l'alba novella	data/cpdl/140_quando_l_alba_novella__02_gesualdo_quando_l_alba_novella.mxl	mxl	5	data/cpdl_reductions/five_voice_string_quartet/140_quando_l_alba_novella__quartet_rhythm_first.musicxml	2	ok	
141	Secular works for five voices	Quando ridente e bella	data/cpdl/141_quando_ridente_e_bella__02_quando_ridente_e_bella_gesualdo.mxl	mxl	5	data/cpdl_reductions/five_voice_string_quartet/141_quando_ridente_e_bella__quartet_rhythm_first.musicxml	-1	ok	
143	Secular works for five voices	Quel 'no' crudel che la mia speme ancise	data/cpdl/143_quel_no_crudel_che_la_mia_speme_ancise__02_quel_no_crudel_gesualdo.mxl	mxl	5	data/cpdl_reductions/five_voice_string_quartet/143_quel_no_crudel_che_la_mia_speme_ancise__quartet_rhythm_first.musicxml	0	ok	
144	Secular works for five voices	Questa crudele e pia	data/cpdl/144_questa_crudele_e_pia__02_questa_crudele_et_pia_gesualdo.mxl	mxl	5	data/cpdl_reductions/five_voice_string_quartet/144_questa_crudele_e_pia__quartet_rhythm_first.musicxml	1	ok	
145	Secular works for five voices	Questi leggiadri odorosetti fiori	data/cpdl/145_questi_leggiadri_odorosetti_fiori__02_gesualdo_questi_cpdl.mxl	mxl	5	data/cpdl_reductions/five_voice_string_quartet/145_questi_leggiadri_odorosetti_fiori__quartet_rhythm_first.musicxml	2	ok	
146	Secular works for five voices	Resta di darmi noia	data/cpdl/146_resta_di_darmi_noia__02_resta_di_darmi_noia_gesualdo.mxl	mxl	5	data/cpdl_reductions/five_voice_string_quartet/146_resta_di_darmi_noia__quartet_rhythm_first.musicxml	1	ok	
147	Secular works for five voices	S'io non miro non moro	data/cpdl/147_s_io_non_miro_non_moro__02_sio_non_miro_gesualdo.mxl	mxl	5	data/cpdl_reductions/five_voice_string_quartet/147_s_io_non_miro_non_moro__quartet_rhythm_first.musicxml	0	ok	
148	Secular works for five voices	Se chiudete nel core	data/cpdl/148_se_chiudete_nel_core__02_se_chiudete_nel_core_gesualdo.mxl	mxl	5	data/cpdl_reductions/five_voice_string_quartet/148_se_chiudete_nel_core__quartet_rhythm_first.musicxml	0	ok	
149	Secular works for five voices	Se così dolce è il duolo	data/cpdl/149_se_cosi_dolce_e_il_duolo__01_gesualdo_se_cosi_dolce_e_il_duolo.mxl	mxl	5	data/cpdl_reductions/five_voice_string_quartet/149_se_cos_dolce_il_duolo__quartet_rhythm_first.musicxml	2	ok	
150	Secular works for five voices	Se da sì nobil mano	data/cpdl/150_se_da_si_nobil_mano__01_gesualdo_se_da_si_nobil_mano.mxl	mxl	5	data/cpdl_reductions/five_voice_string_quartet/150_se_da_s_nobil_mano__quartet_rhythm_first.musicxml	0	ok	
151	Secular works for five voices	Se la mia morte brami	data/cpdl/151_se_la_mia_morte_brami__02_gesualdo_se_la_mia_morte_brami.mxl	mxl	5	data/cpdl_reductions/five_voice_string_quartet/151_se_la_mia_morte_brami__quartet_rhythm_first.musicxml	0	ok	
152	Secular works for five voices	Se per lieve ferita	data/cpdl/152_se_per_lieve_ferita__02_4_se_per_lieve_ferita.mid	mid	5	data/cpdl_reductions/five_voice_string_quartet/152_se_per_lieve_ferita__quartet_rhythm_first.musicxml	0	ok	
153	Secular works for five voices	Se piange, ahimè, la donna del mio core	data/cpdl/153_se_piange_ahime_la_donna_del_mio_core__01_gesualdo_se_piange_oime_la_donna_del_mio_core.mxl	mxl	5	data/cpdl_reductions/five_voice_string_quartet/153_se_piange_ahim_la_donna_del_mio_core__quartet_rhythm_first.musicxml	1	ok	
154	Secular works for five voices	Se taccio, il duol s'avanza	data/cpdl/154_se_taccio_il_duol_s_avanza__02_gesualdo_se_taccio_il_duol_s_avanza.mxl	mxl	5	data/cpdl_reductions/five_voice_string_quartet/154_se_taccio_il_duol_s_avanza__quartet_rhythm_first.musicxml	2	ok	
155	Secular works for five voices	Se tu fuggi	data/cpdl/155_se_tu_fuggi__02_gesu_20se.mxl	mxl	5	data/cpdl_reductions/five_voice_string_quartet/155_se_tu_fuggi__quartet_rhythm_first.musicxml	-1	ok	
156	Secular works for five voices	Se vi duol il mio duolo	data/cpdl/156_se_vi_duol_il_mio_duolo__02_gesu_8se.mxl	mxl	5	data/cpdl_reductions/five_voice_string_quartet/156_se_vi_duol_il_mio_duolo__quartet_rhythm_first.musicxml	3	ok	
157	Secular works for five voices	Se vi miro pietosa				data/cpdl_reductions/five_voice_string_quartet/157_se_vi_miro_pietosa__quartet_rhythm_first.musicxml		error	data/cpdl/157_se_vi_miro_pietosa__01_gesualdo_se_vi_miro_pietosa.mxl: reduction failed: Violin I has overlapping source events near measure 21: p0:e51
158	Secular works for five voices	Sento che nel partire	data/cpdl/158_sento_che_nel_partire__01_gesualdo_sento_che_nel_partire.mid	mid	5	data/cpdl_reductions/five_voice_string_quartet/158_sento_che_nel_partire__quartet_rhythm_first.musicxml	3	ok	
159	Secular works for five voices	Son sì belle le rose	data/cpdl/159_son_si_belle_le_rose__01_gesualdo_son_si_belle_le_rose.mxl	mxl	5	data/cpdl_reductions/five_voice_string_quartet/159_son_s_belle_le_rose__quartet_rhythm_first.musicxml	0	ok	
160	Secular works for five voices	Sospirava	data/cpdl/160_sospirava__02_sospirava_gesualdo.mxl	mxl	5	data/cpdl_reductions/five_voice_string_quartet/160_sospirava__quartet_rhythm_first.musicxml	0	ok	
161	Secular works for five voices	Sparge la morte	data/cpdl/161_sparge_la_morte__02_sparge_la_morte_gesualdo.mxl	mxl	5	data/cpdl_reductions/five_voice_string_quartet/161_sparge_la_morte__quartet_rhythm_first.musicxml	3	ok	
162	Secular works for five voices	Sì gioioso mi fanno i dolor miei	data/cpdl/162_si_gioioso_mi_fanno_i_dolor_miei__01_gesualdo_si_gioioso_mi_fanno_i_dolor_miei.mxl	mxl	5	data/cpdl_reductions/five_voice_string_quartet/162_s_gioioso_mi_fanno_i_dolor_miei__quartet_rhythm_first.musicxml	0	ok	
163	Secular works for five voices	T'amo, mia vita	data/cpdl/163_t_amo_mia_vita__02_t_amo_mia_vita_gesualdo.mxl	mxl	5	data/cpdl_reductions/five_voice_string_quartet/163_t_amo_mia_vita__quartet_rhythm_first.musicxml	-1	ok	
164	Secular works for five voices	Tall'or sano desio	data/cpdl/164_tall_or_sano_desio__02_tall_or_sano_desio_gesualdo.mxl	mxl	5	data/cpdl_reductions/five_voice_string_quartet/164_tall_or_sano_desio__quartet_rhythm_first.musicxml	-1	ok	
165	Secular works for five voices	Tirsi morir volea	data/cpdl/165_tirsi_morir_volea__01_gesualdo_tirsi_morir_volea.mxl	mxl	5	data/cpdl_reductions/five_voice_string_quartet/165_tirsi_morir_volea__quartet_rhythm_first.musicxml	0	ok	
166	Secular works for five voices	Tu m'uccidi, o crudele	data/cpdl/166_tu_m_uccidi_o_crudele__04_gesu_15tu.mxl	mxl	5	data/cpdl_reductions/five_voice_string_quartet/166_tu_m_uccidi_o_crudele__quartet_rhythm_first.musicxml	1	ok	
167	Secular works for five voices	Tu piangi, o Filli mia	data/cpdl/167_tu_piangi_o_filli_mia__02_tu_piangi_o_filli_mia_gesualdo.mxl	mxl	5	data/cpdl_reductions/five_voice_string_quartet/167_tu_piangi_o_filli_mia__quartet_rhythm_first.musicxml	1	ok	
168	Secular works for five voices	Tu segui, o bella Clori	data/cpdl/168_tu_segui_o_bella_clori__02_tu_segui_o_bella_clori_gesualdo.mxl	mxl	5	data/cpdl_reductions/five_voice_string_quartet/168_tu_segui_o_bella_clori__quartet_rhythm_first.musicxml	0	ok	
169	Secular works for five voices	Veggio sì, dal mio sole				data/cpdl_reductions/five_voice_string_quartet/169_veggio_s_dal_mio_sole__quartet_rhythm_first.musicxml		error	data/cpdl/169_veggio_si_dal_mio_sole__01_gesualdo_veggio_si_dal_mio_sole.mxl: reduction failed: Violoncello has overlapping source events near measure 18: p4:e42
170	Secular works for five voices	Voi volete ch'io mora	data/cpdl/170_voi_volete_ch_io_mora__01_gesualdo_voi_volete_ch_io_mora.mxl	mxl	5	data/cpdl_reductions/five_voice_string_quartet/170_voi_volete_ch_io_mora__quartet_rhythm_first.musicxml	2	ok	
171	Secular works for five voices	Volan quasi farfalle	data/cpdl/171_volan_quasi_farfalle__02_volan_quasi_farfalle_gesualdo.mxl	mxl	5	data/cpdl_reductions/five_voice_string_quartet/171_volan_quasi_farfalle__quartet_rhythm_first.musicxml	-1	ok	
