file	part	measure	kind	detail
data/beach boys/reductions/string_quartet/our_prayer_low_cello.musicxml	Violin I	10	note_crosses_beat	B4 5/4+1/2 crosses beat boundary 3/2; tie=start
data/beach boys/reductions/string_quartet/our_prayer_low_cello.musicxml	Violin I	10	note_crosses_beat	B4 7/4+3/4 crosses beat boundary 2; tie=stop
data/beach boys/reductions/string_quartet/our_prayer_low_cello.musicxml	Violin II	10	note_crosses_beat	D4 5/4+1/2 crosses beat boundary 3/2; tie=start
data/beach boys/reductions/string_quartet/our_prayer_low_cello.musicxml	Violin II	10	note_crosses_beat	D4 7/4+3/4 crosses beat boundary 2; tie=stop
data/beach boys/reductions/string_quartet/our_prayer_low_cello.musicxml	Viola	10	note_crosses_beat	B3 5/4+1/2 crosses beat boundary 3/2; tie=start
data/beach boys/reductions/string_quartet/our_prayer_low_cello.musicxml	Viola	10	note_crosses_beat	B3 7/4+3/4 crosses beat boundary 2; tie=stop
data/beach boys/reductions/string_quartet/our_prayer_low_cello.musicxml	Violoncello	6	note_crosses_beat	E3 15/4+3/4 crosses beat boundary 4
data/beach boys/reductions/string_quartet/our_prayer_low_cello.musicxml	Violoncello	10	note_crosses_beat	B2 5/4+1/2 crosses beat boundary 3/2; tie=start
data/beach boys/reductions/string_quartet/our_prayer_low_cello.musicxml	Violoncello	10	note_crosses_beat	B2 7/4+3/4 crosses beat boundary 2; tie=stop
data/cpdl/5-voices/reductions/string_quartet/109_luci_serene_e_chiare.musicxml	Violin I	5	note_crosses_beat	C5 3/2+1 crosses beat boundary 2
data/cpdl/5-voices/reductions/string_quartet/109_luci_serene_e_chiare.musicxml	Violin I	7	note_crosses_beat	B-4 1/2+1 crosses beat boundary 1
data/cpdl/5-voices/reductions/string_quartet/109_luci_serene_e_chiare.musicxml	Violin I	8	note_crosses_beat	F4 1/2+1 crosses beat boundary 1
data/cpdl/5-voices/reductions/string_quartet/109_luci_serene_e_chiare.musicxml	Violin I	9	note_crosses_beat	C5 1/2+1 crosses beat boundary 1
data/cpdl/5-voices/reductions/string_quartet/109_luci_serene_e_chiare.musicxml	Violin I	14	note_crosses_beat	E-5 5/2+1 crosses beat boundary 3
data/cpdl/5-voices/reductions/string_quartet/109_luci_serene_e_chiare.musicxml	Violin I	15	note_crosses_beat	C5 3/2+1 crosses beat boundary 2
data/cpdl/5-voices/reductions/string_quartet/109_luci_serene_e_chiare.musicxml	Violin I	17	note_crosses_beat	A-4 5/2+1 crosses beat boundary 3
data/cpdl/5-voices/reductions/string_quartet/109_luci_serene_e_chiare.musicxml	Violin I	18	note_crosses_beat	E-5 1/2+1 crosses beat boundary 1
data/cpdl/5-voices/reductions/string_quartet/109_luci_serene_e_chiare.musicxml	Violin I	22	note_crosses_beat	E-5 1/2+1 crosses beat boundary 1
data/cpdl/5-voices/reductions/string_quartet/109_luci_serene_e_chiare.musicxml	Violin I	30	note_crosses_beat	F5 3/2+3/4 crosses beat boundary 2
data/cpdl/5-voices/reductions/string_quartet/109_luci_serene_e_chiare.musicxml	Violin I	32	note_crosses_beat	E-5 5/2+1 crosses beat boundary 3
data/cpdl/5-voices/reductions/string_quartet/109_luci_serene_e_chiare.musicxml	Violin I	33	dense_bar	10 attacks; 7 at sixteenth-note duration or shorter
data/cpdl/5-voices/reductions/string_quartet/109_luci_serene_e_chiare.musicxml	Violin II	7	note_crosses_beat	C4 3/2+1 crosses beat boundary 2
data/cpdl/5-voices/reductions/string_quartet/109_luci_serene_e_chiare.musicxml	Violin II	8	note_crosses_beat	A-4 1/2+1 crosses beat boundary 1
data/cpdl/5-voices/reductions/string_quartet/109_luci_serene_e_chiare.musicxml	Violin II	20	dense_bar	9 attacks; 6 at sixteenth-note duration or shorter
data/cpdl/5-voices/reductions/string_quartet/109_luci_serene_e_chiare.musicxml	Violin II	21	dense_bar	10 attacks; 6 at sixteenth-note duration or shorter
data/cpdl/5-voices/reductions/string_quartet/109_luci_serene_e_chiare.musicxml	Violin II	22	note_crosses_beat	B-4 1/2+1 crosses beat boundary 1
data/cpdl/5-voices/reductions/string_quartet/109_luci_serene_e_chiare.musicxml	Violin II	30	note_crosses_beat	A-4 3/2+3/4 crosses beat boundary 2
data/cpdl/5-voices/reductions/string_quartet/109_luci_serene_e_chiare.musicxml	Violin II	31	dense_bar	11 attacks; 8 at sixteenth-note duration or shorter
data/cpdl/5-voices/reductions/string_quartet/109_luci_serene_e_chiare.musicxml	Violin II	32	note_crosses_beat	B-4 5/2+1 crosses beat boundary 3
data/cpdl/5-voices/reductions/string_quartet/109_luci_serene_e_chiare.musicxml	Violin II	33	dense_bar	10 attacks; 6 at sixteenth-note duration or shorter
data/cpdl/5-voices/reductions/string_quartet/109_luci_serene_e_chiare.musicxml	Viola	5	note_crosses_beat	C4 5/2+1 crosses beat boundary 3
data/cpdl/5-voices/reductions/string_quartet/109_luci_serene_e_chiare.musicxml	Viola	6	viola_treble_clef_candidate	1 ql at A4 or above
data/cpdl/5-voices/reductions/string_quartet/109_luci_serene_e_chiare.musicxml	Viola	7	note_crosses_beat	F4 5/2+1 crosses beat boundary 3
data/cpdl/5-voices/reductions/string_quartet/109_luci_serene_e_chiare.musicxml	Viola	8	viola_treble_clef_candidate	1 ql at A4 or above
data/cpdl/5-voices/reductions/string_quartet/109_luci_serene_e_chiare.musicxml	Viola	13	viola_treble_clef_candidate	2 ql at A4 or above
data/cpdl/5-voices/reductions/string_quartet/109_luci_serene_e_chiare.musicxml	Viola	14	viola_treble_clef_candidate	1 ql at A4 or above
data/cpdl/5-voices/reductions/string_quartet/109_luci_serene_e_chiare.musicxml	Viola	16	viola_treble_clef_candidate	2 ql at A4 or above
data/cpdl/5-voices/reductions/string_quartet/109_luci_serene_e_chiare.musicxml	Viola	18	note_crosses_beat	A-3 3/2+1 crosses beat boundary 2
data/cpdl/5-voices/reductions/string_quartet/109_luci_serene_e_chiare.musicxml	Viola	21	dense_bar	11 attacks; 7 at sixteenth-note duration or shorter
data/cpdl/5-voices/reductions/string_quartet/109_luci_serene_e_chiare.musicxml	Viola	22	note_crosses_beat	G4 1/2+1 crosses beat boundary 1
data/cpdl/5-voices/reductions/string_quartet/109_luci_serene_e_chiare.musicxml	Viola	22	dense_bar	10 attacks; 6 at sixteenth-note duration or shorter
data/cpdl/5-voices/reductions/string_quartet/109_luci_serene_e_chiare.musicxml	Viola	23	viola_treble_clef_candidate	3 ql at A4 or above
data/cpdl/5-voices/reductions/string_quartet/109_luci_serene_e_chiare.musicxml	Viola	30	note_crosses_beat	C4 3/2+3/4 crosses beat boundary 2
data/cpdl/5-voices/reductions/string_quartet/109_luci_serene_e_chiare.musicxml	Viola	31	dense_bar	11 attacks; 6 at sixteenth-note duration or shorter
data/cpdl/5-voices/reductions/string_quartet/109_luci_serene_e_chiare.musicxml	Viola	32	note_crosses_beat	G4 5/2+1 crosses beat boundary 3
data/cpdl/5-voices/reductions/string_quartet/109_luci_serene_e_chiare.musicxml	Viola	32	dense_bar	10 attacks; 7 at sixteenth-note duration or shorter
data/cpdl/5-voices/reductions/string_quartet/109_luci_serene_e_chiare.musicxml	Viola	33	viola_treble_clef_candidate	2 ql at A4 or above
data/cpdl/5-voices/reductions/string_quartet/109_luci_serene_e_chiare.musicxml	Viola	34	viola_treble_clef_candidate	1 ql at A4 or above
data/cpdl/5-voices/reductions/string_quartet/109_luci_serene_e_chiare.musicxml	Viola	42	viola_treble_clef_candidate	1 ql at A4 or above
data/cpdl/5-voices/reductions/string_quartet/109_luci_serene_e_chiare.musicxml	Violoncello	8	note_crosses_beat	A-3 1/2+1 crosses beat boundary 1
data/cpdl/5-voices/reductions/string_quartet/109_luci_serene_e_chiare.musicxml	Violoncello	8	note_crosses_beat	B-3 5/2+1 crosses beat boundary 3
data/cpdl/5-voices/reductions/string_quartet/109_luci_serene_e_chiare.musicxml	Violoncello	13	note_crosses_beat	B-3 5/2+1 crosses beat boundary 3
data/cpdl/5-voices/reductions/string_quartet/109_luci_serene_e_chiare.musicxml	Violoncello	21	dense_bar	11 attacks; 8 at sixteenth-note duration or shorter
data/cpdl/5-voices/reductions/string_quartet/109_luci_serene_e_chiare.musicxml	Violoncello	30	note_crosses_beat	F3 3/2+3/4 crosses beat boundary 2
data/cpdl/5-voices/reductions/string_quartet/109_luci_serene_e_chiare.musicxml	Violoncello	31	dense_bar	8 attacks; 6 at sixteenth-note duration or shorter
data/cpdl/5-voices/reductions/string_quartet/092_dolcissima_mia_vita.musicxml	Violin I	13	dense_bar	13 attacks; 6 at sixteenth-note duration or shorter
data/cpdl/5-voices/reductions/string_quartet/092_dolcissima_mia_vita.musicxml	Violin I	14	dense_bar	10 attacks; 6 at sixteenth-note duration or shorter
data/cpdl/5-voices/reductions/string_quartet/092_dolcissima_mia_vita.musicxml	Violin I	22	dense_bar	11 attacks; 0 at sixteenth-note duration or shorter
data/cpdl/5-voices/reductions/string_quartet/092_dolcissima_mia_vita.musicxml	Violin I	23	dense_bar	10 attacks; 2 at sixteenth-note duration or shorter
data/cpdl/5-voices/reductions/string_quartet/092_dolcissima_mia_vita.musicxml	Violin II	13	dense_bar	16 attacks; 10 at sixteenth-note duration or shorter
data/cpdl/5-voices/reductions/string_quartet/092_dolcissima_mia_vita.musicxml	Violin II	14	dense_bar	12 attacks; 7 at sixteenth-note duration or shorter
data/cpdl/5-voices/reductions/string_quartet/092_dolcissima_mia_vita.musicxml	Violin II	15	dense_bar	11 attacks; 4 at sixteenth-note duration or shorter
data/cpdl/5-voices/reductions/string_quartet/092_dolcissima_mia_vita.musicxml	Violin II	22	dense_bar	13 attacks; 4 at sixteenth-note duration or shorter
data/cpdl/5-voices/reductions/string_quartet/092_dolcissima_mia_vita.musicxml	Viola	1	viola_treble_clef_candidate	4 ql at A4 or above
data/cpdl/5-voices/reductions/string_quartet/092_dolcissima_mia_vita.musicxml	Viola	4	viola_treble_clef_candidate	1 ql at A4 or above
data/cpdl/5-voices/reductions/string_quartet/092_dolcissima_mia_vita.musicxml	Viola	8	viola_treble_clef_candidate	4 ql at A4 or above
data/cpdl/5-voices/reductions/string_quartet/092_dolcissima_mia_vita.musicxml	Viola	10	viola_treble_clef_candidate	2 ql at A4 or above
data/cpdl/5-voices/reductions/string_quartet/092_dolcissima_mia_vita.musicxml	Viola	14	dense_bar	9 attacks; 6 at sixteenth-note duration or shorter
data/cpdl/5-voices/reductions/string_quartet/092_dolcissima_mia_vita.musicxml	Viola	16	viola_treble_clef_candidate	3 ql at A4 or above
data/cpdl/5-voices/reductions/string_quartet/092_dolcissima_mia_vita.musicxml	Viola	20	viola_treble_clef_candidate	2 ql at A4 or above
data/cpdl/5-voices/reductions/string_quartet/092_dolcissima_mia_vita.musicxml	Viola	22	dense_bar	13 attacks; 0 at sixteenth-note duration or shorter
data/cpdl/5-voices/reductions/string_quartet/092_dolcissima_mia_vita.musicxml	Violoncello	14	dense_bar	16 attacks; 10 at sixteenth-note duration or shorter
data/cpdl/5-voices/reductions/string_quartet/092_dolcissima_mia_vita.musicxml	Violoncello	22	dense_bar	12 attacks; 0 at sixteenth-note duration or shorter
data/cpdl/5-voices/reductions/string_quartet/100_gi_piansi_nel_dolore.musicxml	Violin I	7	dense_bar	10 attacks; 8 at sixteenth-note duration or shorter
data/cpdl/5-voices/reductions/string_quartet/100_gi_piansi_nel_dolore.musicxml	Violin I	14	dense_bar	10 attacks; 8 at sixteenth-note duration or shorter
data/cpdl/5-voices/reductions/string_quartet/100_gi_piansi_nel_dolore.musicxml	Violin I	26	dense_bar	8 attacks; 6 at sixteenth-note duration or shorter
data/cpdl/5-voices/reductions/string_quartet/100_gi_piansi_nel_dolore.musicxml	Violin I	31	note_crosses_beat	C6 5/2+3/2 crosses beat boundary 3
data/cpdl/5-voices/reductions/string_quartet/100_gi_piansi_nel_dolore.musicxml	Violin I	52	dense_bar	9 attacks; 6 at sixteenth-note duration or shorter
data/cpdl/5-voices/reductions/string_quartet/100_gi_piansi_nel_dolore.musicxml	Violin I	53	dense_bar	9 attacks; 6 at sixteenth-note duration or shorter
data/cpdl/5-voices/reductions/string_quartet/100_gi_piansi_nel_dolore.musicxml	Violin II	15	dense_bar	9 attacks; 8 at sixteenth-note duration or shorter
data/cpdl/5-voices/reductions/string_quartet/100_gi_piansi_nel_dolore.musicxml	Violin II	26	dense_bar	10 attacks; 10 at sixteenth-note duration or shorter
data/cpdl/5-voices/reductions/string_quartet/100_gi_piansi_nel_dolore.musicxml	Violin II	50	dense_bar	8 attacks; 6 at sixteenth-note duration or shorter
data/cpdl/5-voices/reductions/string_quartet/100_gi_piansi_nel_dolore.musicxml	Violin II	52	dense_bar	9 attacks; 6 at sixteenth-note duration or shorter
data/cpdl/5-voices/reductions/string_quartet/100_gi_piansi_nel_dolore.musicxml	Violin II	54	dense_bar	10 attacks; 8 at sixteenth-note duration or shorter
data/cpdl/5-voices/reductions/string_quartet/100_gi_piansi_nel_dolore.musicxml	Viola	8	final_tiny_rest	final rest duration 1/4
data/cpdl/5-voices/reductions/string_quartet/100_gi_piansi_nel_dolore.musicxml	Viola	8	dense_bar	7 attacks; 6 at sixteenth-note duration or shorter
data/cpdl/5-voices/reductions/string_quartet/100_gi_piansi_nel_dolore.musicxml	Viola	10	dense_bar	13 attacks; 12 at sixteenth-note duration or shorter
data/cpdl/5-voices/reductions/string_quartet/100_gi_piansi_nel_dolore.musicxml	Viola	11	viola_treble_clef_candidate	1 ql at A4 or above
data/cpdl/5-voices/reductions/string_quartet/100_gi_piansi_nel_dolore.musicxml	Viola	14	dense_bar	10 attacks; 8 at sixteenth-note duration or shorter
data/cpdl/5-voices/reductions/string_quartet/100_gi_piansi_nel_dolore.musicxml	Viola	14	viola_treble_clef_candidate	2 ql at A4 or above
data/cpdl/5-voices/reductions/string_quartet/100_gi_piansi_nel_dolore.musicxml	Viola	15	viola_treble_clef_candidate	4 ql at A4 or above
data/cpdl/5-voices/reductions/string_quartet/100_gi_piansi_nel_dolore.musicxml	Viola	16	viola_treble_clef_candidate	1 ql at A4 or above
data/cpdl/5-voices/reductions/string_quartet/100_gi_piansi_nel_dolore.musicxml	Viola	17	viola_treble_clef_candidate	2 ql at A4 or above
data/cpdl/5-voices/reductions/string_quartet/100_gi_piansi_nel_dolore.musicxml	Viola	18	viola_treble_clef_candidate	2 ql at A4 or above
data/cpdl/5-voices/reductions/string_quartet/100_gi_piansi_nel_dolore.musicxml	Viola	19	viola_treble_clef_candidate	4 ql at A4 or above
data/cpdl/5-voices/reductions/string_quartet/100_gi_piansi_nel_dolore.musicxml	Viola	20	viola_treble_clef_candidate	2 ql at A4 or above
data/cpdl/5-voices/reductions/string_quartet/100_gi_piansi_nel_dolore.musicxml	Viola	21	viola_treble_clef_candidate	2 ql at A4 or above
data/cpdl/5-voices/reductions/string_quartet/100_gi_piansi_nel_dolore.musicxml	Viola	22	viola_treble_clef_candidate	2 ql at A4 or above
data/cpdl/5-voices/reductions/string_quartet/100_gi_piansi_nel_dolore.musicxml	Viola	23	viola_treble_clef_candidate	4 ql at A4 or above
data/cpdl/5-voices/reductions/string_quartet/100_gi_piansi_nel_dolore.musicxml	Viola	24	viola_treble_clef_candidate	2 ql at A4 or above
data/cpdl/5-voices/reductions/string_quartet/100_gi_piansi_nel_dolore.musicxml	Viola	25	viola_treble_clef_candidate	2 ql at A4 or above
data/cpdl/5-voices/reductions/string_quartet/100_gi_piansi_nel_dolore.musicxml	Viola	26	dense_bar	8 attacks; 6 at sixteenth-note duration or shorter
data/cpdl/5-voices/reductions/string_quartet/100_gi_piansi_nel_dolore.musicxml	Viola	26	viola_treble_clef_candidate	5/4 ql at A4 or above
data/cpdl/5-voices/reductions/string_quartet/100_gi_piansi_nel_dolore.musicxml	Viola	28	viola_treble_clef_candidate	3 ql at A4 or above
data/cpdl/5-voices/reductions/string_quartet/100_gi_piansi_nel_dolore.musicxml	Viola	41	viola_treble_clef_candidate	2 ql at A4 or above
data/cpdl/5-voices/reductions/string_quartet/100_gi_piansi_nel_dolore.musicxml	Viola	45	viola_treble_clef_candidate	1 ql at A4 or above
data/cpdl/5-voices/reductions/string_quartet/100_gi_piansi_nel_dolore.musicxml	Viola	46	viola_treble_clef_candidate	9/4 ql at A4 or above
data/cpdl/5-voices/reductions/string_quartet/100_gi_piansi_nel_dolore.musicxml	Viola	47	viola_treble_clef_candidate	5/2 ql at A4 or above
data/cpdl/5-voices/reductions/string_quartet/100_gi_piansi_nel_dolore.musicxml	Viola	48	viola_treble_clef_candidate	2 ql at A4 or above
data/cpdl/5-voices/reductions/string_quartet/100_gi_piansi_nel_dolore.musicxml	Viola	51	dense_bar	10 attacks; 6 at sixteenth-note duration or shorter
data/cpdl/5-voices/reductions/string_quartet/100_gi_piansi_nel_dolore.musicxml	Viola	51	viola_treble_clef_candidate	7/2 ql at A4 or above
data/cpdl/5-voices/reductions/string_quartet/100_gi_piansi_nel_dolore.musicxml	Viola	53	dense_bar	11 attacks; 6 at sixteenth-note duration or shorter
data/cpdl/5-voices/reductions/string_quartet/100_gi_piansi_nel_dolore.musicxml	Viola	54	dense_bar	8 attacks; 6 at sixteenth-note duration or shorter
data/cpdl/5-voices/reductions/string_quartet/100_gi_piansi_nel_dolore.musicxml	Viola	55	viola_treble_clef_candidate	3/2 ql at A4 or above
data/cpdl/5-voices/reductions/string_quartet/100_gi_piansi_nel_dolore.musicxml	Viola	56	viola_treble_clef_candidate	4 ql at A4 or above
data/cpdl/5-voices/reductions/string_quartet/100_gi_piansi_nel_dolore.musicxml	Viola	57	viola_treble_clef_candidate	4 ql at A4 or above
data/cpdl/5-voices/reductions/string_quartet/100_gi_piansi_nel_dolore.musicxml	Violoncello	8	final_tiny_rest	final rest duration 1/4
data/cpdl/5-voices/reductions/string_quartet/100_gi_piansi_nel_dolore.musicxml	Violoncello	13	dense_bar	11 attacks; 8 at sixteenth-note duration or shorter
data/cpdl/5-voices/reductions/string_quartet/100_gi_piansi_nel_dolore.musicxml	Violoncello	52	dense_bar	9 attacks; 6 at sixteenth-note duration or shorter
data/cpdl/5-voices/reductions/string_quartet/100_gi_piansi_nel_dolore.musicxml	Violoncello	54	dense_bar	8 attacks; 6 at sixteenth-note duration or shorter
data/cpdl/5-voices/reductions/string_quartet/147_s_io_non_miro_non_moro.musicxml	Viola	1	viola_treble_clef_candidate	3 ql at A4 or above
data/cpdl/5-voices/reductions/string_quartet/147_s_io_non_miro_non_moro.musicxml	Viola	2	viola_treble_clef_candidate	5 ql at A4 or above
data/cpdl/5-voices/reductions/string_quartet/147_s_io_non_miro_non_moro.musicxml	Viola	3	viola_treble_clef_candidate	6 ql at A4 or above
data/cpdl/5-voices/reductions/string_quartet/147_s_io_non_miro_non_moro.musicxml	Viola	4	viola_treble_clef_candidate	3 ql at A4 or above
data/cpdl/5-voices/reductions/string_quartet/147_s_io_non_miro_non_moro.musicxml	Viola	5	viola_treble_clef_candidate	2 ql at A4 or above
data/cpdl/5-voices/reductions/string_quartet/147_s_io_non_miro_non_moro.musicxml	Viola	11	viola_treble_clef_candidate	4 ql at A4 or above
data/cpdl/5-voices/reductions/string_quartet/147_s_io_non_miro_non_moro.musicxml	Viola	15	viola_treble_clef_candidate	4 ql at A4 or above
data/cpdl/5-voices/reductions/string_quartet/147_s_io_non_miro_non_moro.musicxml	Viola	16	viola_treble_clef_candidate	1 ql at A4 or above
data/cpdl/5-voices/reductions/string_quartet/147_s_io_non_miro_non_moro.musicxml	Viola	19	viola_treble_clef_candidate	11 ql at A4 or above
data/cpdl/5-voices/reductions/string_quartet/147_s_io_non_miro_non_moro.musicxml	Viola	20	viola_treble_clef_candidate	2 ql at A4 or above
data/cpdl/5-voices/reductions/string_quartet/147_s_io_non_miro_non_moro.musicxml	Viola	21	viola_treble_clef_candidate	4 ql at A4 or above
data/cpdl/5-voices/reductions/string_quartet/147_s_io_non_miro_non_moro.musicxml	Viola	22	viola_treble_clef_candidate	6 ql at A4 or above
data/cpdl/5-voices/reductions/string_quartet/147_s_io_non_miro_non_moro.musicxml	Viola	26	viola_treble_clef_candidate	1 ql at A4 or above
data/cpdl/5-voices/reductions/string_quartet/147_s_io_non_miro_non_moro.musicxml	Viola	27	viola_treble_clef_candidate	10 ql at A4 or above
data/cpdl/5-voices/reductions/string_quartet/147_s_io_non_miro_non_moro.musicxml	Viola	28	viola_treble_clef_candidate	4 ql at A4 or above
data/cpdl/5-voices/reductions/string_quartet/147_s_io_non_miro_non_moro.musicxml	Viola	29	viola_treble_clef_candidate	4 ql at A4 or above
data/cpdl/5-voices/reductions/string_quartet/147_s_io_non_miro_non_moro.musicxml	Viola	30	viola_treble_clef_candidate	4 ql at A4 or above
data/take6/reductions/string_quartet_double_stops/come_unto_me.musicxml	Violin I	4	note_crosses_beat	C5 5/2+1 crosses beat boundary 3
data/take6/reductions/string_quartet_double_stops/come_unto_me.musicxml	Violin I	8	note_crosses_beat	G4 11/4+3/4 crosses beat boundary 3
data/take6/reductions/string_quartet_double_stops/come_unto_me.musicxml	Violin I	21	note_crosses_beat	B-4 3/2+3/2 crosses beat boundary 2
data/take6/reductions/string_quartet_double_stops/come_unto_me.musicxml	Violin I	22	note_crosses_beat	B-4 3/2+1 crosses beat boundary 2
data/take6/reductions/string_quartet_double_stops/come_unto_me.musicxml	Violin I	24	dense_bar	12 attacks; 8 at sixteenth-note duration or shorter
data/take6/reductions/string_quartet_double_stops/come_unto_me.musicxml	Violin I	26	note_crosses_beat	G4 1/2+1 crosses beat boundary 1
data/take6/reductions/string_quartet_double_stops/come_unto_me.musicxml	Violin I	26	note_crosses_beat	G4 3/2+3/2 crosses beat boundary 2
data/take6/reductions/string_quartet_double_stops/come_unto_me.musicxml	Violin I	27	note_crosses_beat	A4.C5 3/2+1 crosses beat boundary 2
data/take6/reductions/string_quartet_double_stops/come_unto_me.musicxml	Violin I	27	note_crosses_beat	E5 5/2+1 crosses beat boundary 3
data/take6/reductions/string_quartet_double_stops/come_unto_me.musicxml	Violin I	28	note_crosses_beat	F5 3/2+1 crosses beat boundary 2
data/take6/reductions/string_quartet_double_stops/come_unto_me.musicxml	Violin I	30	note_crosses_beat	C5 5/2+1 crosses beat boundary 3
data/take6/reductions/string_quartet_double_stops/come_unto_me.musicxml	Violin I	34	note_crosses_beat	G4 11/4+3/4 crosses beat boundary 3
data/take6/reductions/string_quartet_double_stops/come_unto_me.musicxml	Violin I	41	note_crosses_beat	G4 1/2+3/2 crosses beat boundary 1
data/take6/reductions/string_quartet_double_stops/come_unto_me.musicxml	Violin I	47	note_crosses_beat	B-4 3/2+3/2 crosses beat boundary 2
data/take6/reductions/string_quartet_double_stops/come_unto_me.musicxml	Violin I	49	note_crosses_beat	D5 3/4+3/4 crosses beat boundary 1
data/take6/reductions/string_quartet_double_stops/come_unto_me.musicxml	Violin I	49	note_crosses_beat	F5 11/4+1/2 crosses beat boundary 3
data/take6/reductions/string_quartet_double_stops/come_unto_me.musicxml	Violin I	50	note_crosses_beat	D5 1/4+2 crosses beat boundary 1; tie=start
data/take6/reductions/string_quartet_double_stops/come_unto_me.musicxml	Violin I	52	note_crosses_beat	B-4.D5 3/2+1 crosses beat boundary 2
data/take6/reductions/string_quartet_double_stops/come_unto_me.musicxml	Violin II	4	note_crosses_beat	A4 5/2+1 crosses beat boundary 3
data/take6/reductions/string_quartet_double_stops/come_unto_me.musicxml	Violin II	8	note_crosses_beat	F4 11/4+3/4 crosses beat boundary 3
data/take6/reductions/string_quartet_double_stops/come_unto_me.musicxml	Violin II	15	note_crosses_beat	C4 3/4+1 crosses beat boundary 1; tie=start
data/take6/reductions/string_quartet_double_stops/come_unto_me.musicxml	Violin II	21	note_crosses_beat	D4 3/2+3/2 crosses beat boundary 2
data/take6/reductions/string_quartet_double_stops/come_unto_me.musicxml	Violin II	24	dense_bar	13 attacks; 8 at sixteenth-note duration or shorter
data/take6/reductions/string_quartet_double_stops/come_unto_me.musicxml	Violin II	27	note_crosses_beat	A4 3/2+1 crosses beat boundary 2
data/take6/reductions/string_quartet_double_stops/come_unto_me.musicxml	Violin II	27	note_crosses_beat	A4.C#5 5/2+1 crosses beat boundary 3
data/take6/reductions/string_quartet_double_stops/come_unto_me.musicxml	Violin II	28	note_crosses_beat	G4.C5 3/2+1 crosses beat boundary 2
data/take6/reductions/string_quartet_double_stops/come_unto_me.musicxml	Violin II	29	dense_bar	9 attacks; 6 at sixteenth-note duration or shorter
data/take6/reductions/string_quartet_double_stops/come_unto_me.musicxml	Violin II	30	note_crosses_beat	A4 5/2+1 crosses beat boundary 3
data/take6/reductions/string_quartet_double_stops/come_unto_me.musicxml	Violin II	34	note_crosses_beat	F4 11/4+3/4 crosses beat boundary 3
data/take6/reductions/string_quartet_double_stops/come_unto_me.musicxml	Violin II	39	note_crosses_beat	E4 1/2+2 crosses beat boundary 1
data/take6/reductions/string_quartet_double_stops/come_unto_me.musicxml	Violin II	39	note_crosses_beat	D#4.A-4 5/2+3/2 crosses beat boundary 3
data/take6/reductions/string_quartet_double_stops/come_unto_me.musicxml	Violin II	41	note_crosses_beat	C4.E-4 1/2+3/2 crosses beat boundary 1
data/take6/reductions/string_quartet_double_stops/come_unto_me.musicxml	Violin II	49	note_crosses_beat	G4.C5 3/4+3/4 crosses beat boundary 1
data/take6/reductions/string_quartet_double_stops/come_unto_me.musicxml	Violin II	53	note_crosses_beat	D4 9/4+7/4 crosses beat boundary 3
data/take6/reductions/string_quartet_double_stops/come_unto_me.musicxml	Viola	4	note_crosses_beat	F4 5/2+1 crosses beat boundary 3
data/take6/reductions/string_quartet_double_stops/come_unto_me.musicxml	Viola	8	note_crosses_beat	A3 11/4+3/4 crosses beat boundary 3
data/take6/reductions/string_quartet_double_stops/come_unto_me.musicxml	Viola	21	note_crosses_beat	C4 3/2+3/2 crosses beat boundary 2
data/take6/reductions/string_quartet_double_stops/come_unto_me.musicxml	Viola	22	note_crosses_beat	C4.A-4 3/2+1 crosses beat boundary 2
data/take6/reductions/string_quartet_double_stops/come_unto_me.musicxml	Viola	23	viola_treble_clef_candidate	5/2 ql at A4 or above
data/take6/reductions/string_quartet_double_stops/come_unto_me.musicxml	Viola	24	dense_bar	12 attacks; 8 at sixteenth-note duration or shorter
data/take6/reductions/string_quartet_double_stops/come_unto_me.musicxml	Viola	24	viola_treble_clef_candidate	9/4 ql at A4 or above
data/take6/reductions/string_quartet_double_stops/come_unto_me.musicxml	Viola	26	final_tiny_rest	final rest duration 1/4
data/take6/reductions/string_quartet_double_stops/come_unto_me.musicxml	Viola	26	note_crosses_beat	B-3 1/2+1 crosses beat boundary 1
data/take6/reductions/string_quartet_double_stops/come_unto_me.musicxml	Viola	26	note_crosses_beat	C4 3/2+3/4 crosses beat boundary 2
data/take6/reductions/string_quartet_double_stops/come_unto_me.musicxml	Viola	27	note_crosses_beat	B-3.E4 3/2+1 crosses beat boundary 2
data/take6/reductions/string_quartet_double_stops/come_unto_me.musicxml	Viola	27	note_crosses_beat	B-3.E4 5/2+1 crosses beat boundary 3
data/take6/reductions/string_quartet_double_stops/come_unto_me.musicxml	Viola	28	note_crosses_beat	G#3.D4 3/2+1 crosses beat boundary 2
data/take6/reductions/string_quartet_double_stops/come_unto_me.musicxml	Viola	30	note_crosses_beat	F4 5/2+1 crosses beat boundary 3
data/take6/reductions/string_quartet_double_stops/come_unto_me.musicxml	Viola	30	viola_treble_clef_candidate	1 ql at A4 or above
data/take6/reductions/string_quartet_double_stops/come_unto_me.musicxml	Viola	34	note_crosses_beat	A3 11/4+3/4 crosses beat boundary 3
data/take6/reductions/string_quartet_double_stops/come_unto_me.musicxml	Viola	39	note_crosses_beat	B-3.E-4 5/2+3/2 crosses beat boundary 3
data/take6/reductions/string_quartet_double_stops/come_unto_me.musicxml	Viola	41	note_crosses_beat	G#3.D#4 1/2+3/2 crosses beat boundary 1
data/take6/reductions/string_quartet_double_stops/come_unto_me.musicxml	Violoncello	4	note_crosses_beat	G2 5/2+1 crosses beat boundary 3
data/take6/reductions/string_quartet_double_stops/come_unto_me.musicxml	Violoncello	8	note_crosses_beat	C3 11/4+3/4 crosses beat boundary 3
data/take6/reductions/string_quartet_double_stops/come_unto_me.musicxml	Violoncello	21	note_crosses_beat	B-2 3/2+3/2 crosses beat boundary 2
data/take6/reductions/string_quartet_double_stops/come_unto_me.musicxml	Violoncello	26	note_crosses_beat	D3 3/2+3/2 crosses beat boundary 2
data/take6/reductions/string_quartet_double_stops/come_unto_me.musicxml	Violoncello	27	note_crosses_beat	F#2 3/2+1 crosses beat boundary 2
data/take6/reductions/string_quartet_double_stops/come_unto_me.musicxml	Violoncello	27	note_crosses_beat	G-3 5/2+1 crosses beat boundary 3
data/take6/reductions/string_quartet_double_stops/come_unto_me.musicxml	Violoncello	28	note_crosses_beat	E3 3/2+1 crosses beat boundary 2
data/take6/reductions/string_quartet_double_stops/come_unto_me.musicxml	Violoncello	30	note_crosses_beat	G2 5/2+1 crosses beat boundary 3
data/take6/reductions/string_quartet_double_stops/come_unto_me.musicxml	Violoncello	34	note_crosses_beat	C3 11/4+3/4 crosses beat boundary 3
data/take6/reductions/string_quartet_double_stops/come_unto_me.musicxml	Violoncello	35	note_crosses_beat	B-2 5/2+3/2 crosses beat boundary 3
data/take6/reductions/string_quartet_double_stops/come_unto_me.musicxml	Violoncello	41	note_crosses_beat	B-2 1/2+3/2 crosses beat boundary 1
data/take6/reductions/string_quartet_double_stops/come_unto_me.musicxml	Violoncello	47	note_crosses_beat	B-2 3/2+3/2 crosses beat boundary 2
data/cpdl/5-voices/reductions/string_quartet/121_moro_lasso_al_mio_duolo.musicxml	Violin II	30	dense_bar	12 attacks; 8 at sixteenth-note duration or shorter
data/cpdl/5-voices/reductions/string_quartet/121_moro_lasso_al_mio_duolo.musicxml	Violin II	33	dense_bar	10 attacks; 6 at sixteenth-note duration or shorter
data/cpdl/5-voices/reductions/string_quartet/121_moro_lasso_al_mio_duolo.musicxml	Viola	12	dense_bar	10 attacks; 8 at sixteenth-note duration or shorter
data/cpdl/5-voices/reductions/string_quartet/121_moro_lasso_al_mio_duolo.musicxml	Viola	29	viola_treble_clef_candidate	2 ql at A4 or above
data/cpdl/5-voices/reductions/string_quartet/121_moro_lasso_al_mio_duolo.musicxml	Viola	31	viola_treble_clef_candidate	1 ql at A4 or above
data/cpdl/5-voices/reductions/string_quartet/121_moro_lasso_al_mio_duolo.musicxml	Viola	32	viola_treble_clef_candidate	1 ql at A4 or above
data/cpdl/5-voices/reductions/string_quartet/121_moro_lasso_al_mio_duolo.musicxml	Viola	33	viola_treble_clef_candidate	9/4 ql at A4 or above
data/cpdl/5-voices/reductions/string_quartet/121_moro_lasso_al_mio_duolo.musicxml	Viola	34	viola_treble_clef_candidate	4 ql at A4 or above
data/cpdl/5-voices/reductions/string_quartet/121_moro_lasso_al_mio_duolo.musicxml	Viola	39	viola_treble_clef_candidate	3 ql at A4 or above
data/cpdl/5-voices/reductions/string_quartet/121_moro_lasso_al_mio_duolo.musicxml	Viola	40	viola_treble_clef_candidate	3 ql at A4 or above
data/cpdl/5-voices/reductions/string_quartet/121_moro_lasso_al_mio_duolo.musicxml	Viola	41	viola_treble_clef_candidate	4 ql at A4 or above
data/cpdl/5-voices/reductions/string_quartet/121_moro_lasso_al_mio_duolo.musicxml	Viola	42	viola_treble_clef_candidate	3 ql at A4 or above
data/cpdl/5-voices/reductions/string_quartet/121_moro_lasso_al_mio_duolo.musicxml	Viola	43	viola_treble_clef_candidate	3 ql at A4 or above
data/cpdl/5-voices/reductions/string_quartet/121_moro_lasso_al_mio_duolo.musicxml	Viola	44	viola_treble_clef_candidate	4 ql at A4 or above
data/cpdl/5-voices/reductions/string_quartet/121_moro_lasso_al_mio_duolo.musicxml	Viola	45	viola_treble_clef_candidate	2 ql at A4 or above
data/cpdl/5-voices/reductions/string_quartet/121_moro_lasso_al_mio_duolo.musicxml	Viola	46	viola_treble_clef_candidate	4 ql at A4 or above
data/cpdl/5-voices/reductions/string_quartet/121_moro_lasso_al_mio_duolo.musicxml	Viola	47	viola_treble_clef_candidate	4 ql at A4 or above
data/cpdl/5-voices/reductions/string_quartet/121_moro_lasso_al_mio_duolo.musicxml	Viola	48	viola_treble_clef_candidate	4 ql at A4 or above
data/cpdl/5-voices/reductions/string_quartet/121_moro_lasso_al_mio_duolo.musicxml	Viola	62	viola_treble_clef_candidate	2 ql at A4 or above
data/cpdl/5-voices/reductions/string_quartet/121_moro_lasso_al_mio_duolo.musicxml	Viola	69	viola_treble_clef_candidate	4 ql at A4 or above
data/cpdl/5-voices/reductions/string_quartet/121_moro_lasso_al_mio_duolo.musicxml	Viola	70	viola_treble_clef_candidate	4 ql at A4 or above
data/cpdl/5-voices/reductions/string_quartet/161_sparge_la_morte.musicxml	Viola	1	viola_treble_clef_candidate	4 ql at A4 or above
data/cpdl/5-voices/reductions/string_quartet/161_sparge_la_morte.musicxml	Viola	2	viola_treble_clef_candidate	4 ql at A4 or above
data/cpdl/5-voices/reductions/string_quartet/161_sparge_la_morte.musicxml	Viola	6	viola_treble_clef_candidate	2 ql at A4 or above
data/cpdl/5-voices/reductions/string_quartet/161_sparge_la_morte.musicxml	Viola	9	viola_treble_clef_candidate	2 ql at A4 or above
data/cpdl/5-voices/reductions/string_quartet/161_sparge_la_morte.musicxml	Viola	18	viola_treble_clef_candidate	2 ql at A4 or above
data/cpdl/5-voices/reductions/string_quartet/161_sparge_la_morte.musicxml	Viola	19	viola_treble_clef_candidate	2 ql at A4 or above
data/cpdl/5-voices/reductions/string_quartet/161_sparge_la_morte.musicxml	Viola	20	viola_treble_clef_candidate	4 ql at A4 or above
data/cpdl/5-voices/reductions/string_quartet/161_sparge_la_morte.musicxml	Viola	21	viola_treble_clef_candidate	1 ql at A4 or above
data/cpdl/5-voices/reductions/string_quartet/161_sparge_la_morte.musicxml	Viola	22	viola_treble_clef_candidate	4 ql at A4 or above
data/cpdl/5-voices/reductions/string_quartet/161_sparge_la_morte.musicxml	Viola	23	viola_treble_clef_candidate	3 ql at A4 or above
data/cpdl/5-voices/reductions/string_quartet/161_sparge_la_morte.musicxml	Viola	24	viola_treble_clef_candidate	4 ql at A4 or above
data/cpdl/5-voices/reductions/string_quartet/161_sparge_la_morte.musicxml	Viola	25	viola_treble_clef_candidate	4 ql at A4 or above
data/cpdl/5-voices/reductions/string_quartet/161_sparge_la_morte.musicxml	Viola	26	viola_treble_clef_candidate	4 ql at A4 or above
data/cpdl/5-voices/reductions/string_quartet/161_sparge_la_morte.musicxml	Viola	27	viola_treble_clef_candidate	4 ql at A4 or above
data/cpdl/5-voices/reductions/string_quartet/161_sparge_la_morte.musicxml	Viola	34	viola_treble_clef_candidate	2 ql at A4 or above
data/cpdl/5-voices/reductions/string_quartet/161_sparge_la_morte.musicxml	Viola	35	viola_treble_clef_candidate	2 ql at A4 or above
data/cpdl/5-voices/reductions/string_quartet/161_sparge_la_morte.musicxml	Viola	48	viola_treble_clef_candidate	4 ql at A4 or above
data/cpdl/5-voices/reductions/string_quartet/161_sparge_la_morte.musicxml	Viola	49	viola_treble_clef_candidate	4 ql at A4 or above
data/cpdl/5-voices/reductions/string_quartet/161_sparge_la_morte.musicxml	Viola	52	viola_treble_clef_candidate	2 ql at A4 or above
data/cpdl/5-voices/reductions/string_quartet/161_sparge_la_morte.musicxml	Viola	63	viola_treble_clef_candidate	2 ql at A4 or above
data/cpdl/5-voices/reductions/string_quartet/074_belt_poi_che_t_assenti.musicxml	Viola	38	viola_treble_clef_candidate	2 ql at A4 or above
data/cpdl/5-voices/reductions/string_quartet/074_belt_poi_che_t_assenti.musicxml	Viola	41	viola_treble_clef_candidate	2 ql at A4 or above
data/cpdl/5-voices/reductions/string_quartet/074_belt_poi_che_t_assenti.musicxml	Viola	42	viola_treble_clef_candidate	5/2 ql at A4 or above
data/cpdl/6-voices/reductions/string_quartet/051_tristis_est_anima_mea.musicxml	Violin I	27	note_crosses_beat	F5 3/2+1 crosses beat boundary 2
data/cpdl/6-voices/reductions/string_quartet/051_tristis_est_anima_mea.musicxml	Violin I	31	note_crosses_beat	F5 1/2+1 crosses beat boundary 1
data/cpdl/6-voices/reductions/string_quartet/051_tristis_est_anima_mea.musicxml	Violin I	32	note_crosses_beat	E-5 1/2+1 crosses beat boundary 1
data/cpdl/6-voices/reductions/string_quartet/051_tristis_est_anima_mea.musicxml	Violin II	30	dense_bar	12 attacks; 10 at sixteenth-note duration or shorter
data/cpdl/6-voices/reductions/string_quartet/051_tristis_est_anima_mea.musicxml	Violin II	31	note_crosses_beat	E-4 5/2+1 crosses beat boundary 3
data/cpdl/6-voices/reductions/string_quartet/051_tristis_est_anima_mea.musicxml	Viola	4	viola_treble_clef_candidate	1 ql at A4 or above
data/cpdl/6-voices/reductions/string_quartet/051_tristis_est_anima_mea.musicxml	Viola	7	viola_treble_clef_candidate	1 ql at A4 or above
data/cpdl/6-voices/reductions/string_quartet/051_tristis_est_anima_mea.musicxml	Viola	8	viola_treble_clef_candidate	3 ql at A4 or above
data/cpdl/6-voices/reductions/string_quartet/051_tristis_est_anima_mea.musicxml	Viola	9	viola_treble_clef_candidate	3 ql at A4 or above
data/cpdl/6-voices/reductions/string_quartet/051_tristis_est_anima_mea.musicxml	Viola	10	viola_treble_clef_candidate	4 ql at A4 or above
data/cpdl/6-voices/reductions/string_quartet/051_tristis_est_anima_mea.musicxml	Viola	11	viola_treble_clef_candidate	7/2 ql at A4 or above
data/cpdl/6-voices/reductions/string_quartet/051_tristis_est_anima_mea.musicxml	Viola	12	viola_treble_clef_candidate	4 ql at A4 or above
data/cpdl/6-voices/reductions/string_quartet/051_tristis_est_anima_mea.musicxml	Viola	13	viola_treble_clef_candidate	3 ql at A4 or above
data/cpdl/6-voices/reductions/string_quartet/051_tristis_est_anima_mea.musicxml	Viola	14	viola_treble_clef_candidate	4 ql at A4 or above
data/cpdl/6-voices/reductions/string_quartet/051_tristis_est_anima_mea.musicxml	Viola	19	viola_treble_clef_candidate	3 ql at A4 or above
data/cpdl/6-voices/reductions/string_quartet/051_tristis_est_anima_mea.musicxml	Viola	20	viola_treble_clef_candidate	7/2 ql at A4 or above
data/cpdl/6-voices/reductions/string_quartet/051_tristis_est_anima_mea.musicxml	Viola	21	viola_treble_clef_candidate	1 ql at A4 or above
data/cpdl/6-voices/reductions/string_quartet/051_tristis_est_anima_mea.musicxml	Viola	22	note_crosses_beat	C5 3/2+1 crosses beat boundary 2
data/cpdl/6-voices/reductions/string_quartet/051_tristis_est_anima_mea.musicxml	Viola	22	viola_treble_clef_candidate	5/2 ql at A4 or above
data/cpdl/6-voices/reductions/string_quartet/051_tristis_est_anima_mea.musicxml	Viola	26	note_crosses_beat	A-4 5/2+1 crosses beat boundary 3
data/cpdl/6-voices/reductions/string_quartet/051_tristis_est_anima_mea.musicxml	Viola	27	note_crosses_beat	C#4 3/2+1 crosses beat boundary 2
data/cpdl/6-voices/reductions/string_quartet/051_tristis_est_anima_mea.musicxml	Viola	31	dense_bar	13 attacks; 12 at sixteenth-note duration or shorter
data/cpdl/6-voices/reductions/string_quartet/051_tristis_est_anima_mea.musicxml	Viola	31	viola_treble_clef_candidate	5/4 ql at A4 or above
data/cpdl/6-voices/reductions/string_quartet/051_tristis_est_anima_mea.musicxml	Viola	32	viola_treble_clef_candidate	2 ql at A4 or above
data/cpdl/6-voices/reductions/string_quartet/051_tristis_est_anima_mea.musicxml	Viola	39	viola_treble_clef_candidate	2 ql at A4 or above
data/cpdl/6-voices/reductions/string_quartet/051_tristis_est_anima_mea.musicxml	Viola	44	viola_treble_clef_candidate	2 ql at A4 or above
data/cpdl/6-voices/reductions/string_quartet/051_tristis_est_anima_mea.musicxml	Viola	54	viola_treble_clef_candidate	2 ql at A4 or above
data/cpdl/6-voices/reductions/string_quartet/051_tristis_est_anima_mea.musicxml	Viola	55	viola_treble_clef_candidate	3 ql at A4 or above
data/cpdl/6-voices/reductions/string_quartet/051_tristis_est_anima_mea.musicxml	Viola	56	viola_treble_clef_candidate	4 ql at A4 or above
data/cpdl/6-voices/reductions/string_quartet/051_tristis_est_anima_mea.musicxml	Viola	57	viola_treble_clef_candidate	5/2 ql at A4 or above
data/cpdl/6-voices/reductions/string_quartet/051_tristis_est_anima_mea.musicxml	Violoncello	21	note_crosses_beat	F3 1/2+1 crosses beat boundary 1
data/cpdl/6-voices/reductions/string_quartet/051_tristis_est_anima_mea.musicxml	Violoncello	31	note_crosses_beat	A-2 5/2+1 crosses beat boundary 3
data/take6/reductions/string_quartet_double_stops/hark_herald.musicxml	Violin I	21	final_tiny_rest	final rest duration 1/4
data/take6/reductions/string_quartet_double_stops/hark_herald.musicxml	Violin I	34	final_tiny_rest	final rest duration 1/4
data/take6/reductions/string_quartet_double_stops/hark_herald.musicxml	Violin I	43	final_tiny_rest	final rest duration 1/4
data/take6/reductions/string_quartet_double_stops/hark_herald.musicxml	Violin I	68	final_tiny_rest	final rest duration 1/4
data/take6/reductions/string_quartet_double_stops/hark_herald.musicxml	Violin I	69	final_tiny_rest	final rest duration 1/4
data/take6/reductions/string_quartet_double_stops/hark_herald.musicxml	Violin II	21	final_tiny_rest	final rest duration 1/4
data/take6/reductions/string_quartet_double_stops/hark_herald.musicxml	Violin II	43	final_tiny_rest	final rest duration 1/4
data/take6/reductions/string_quartet_double_stops/hark_herald.musicxml	Violin II	68	final_tiny_rest	final rest duration 1/4
data/take6/reductions/string_quartet_double_stops/hark_herald.musicxml	Violin II	69	final_tiny_rest	final rest duration 1/4
data/take6/reductions/string_quartet_double_stops/hark_herald.musicxml	Viola	16	viola_treble_clef_candidate	1 ql at A4 or above
data/take6/reductions/string_quartet_double_stops/hark_herald.musicxml	Viola	21	final_tiny_rest	final rest duration 1/4
data/take6/reductions/string_quartet_double_stops/hark_herald.musicxml	Viola	33	viola_treble_clef_candidate	1 ql at A4 or above
data/take6/reductions/string_quartet_double_stops/hark_herald.musicxml	Viola	34	viola_treble_clef_candidate	3 ql at A4 or above
data/take6/reductions/string_quartet_double_stops/hark_herald.musicxml	Viola	36	viola_treble_clef_candidate	3 ql at A4 or above
data/take6/reductions/string_quartet_double_stops/hark_herald.musicxml	Viola	37	viola_treble_clef_candidate	1 ql at A4 or above
data/take6/reductions/string_quartet_double_stops/hark_herald.musicxml	Viola	43	final_tiny_rest	final rest duration 1/4
data/take6/reductions/string_quartet_double_stops/hark_herald.musicxml	Viola	64	viola_treble_clef_candidate	3/2 ql at A4 or above
data/take6/reductions/string_quartet_double_stops/hark_herald.musicxml	Viola	65	viola_treble_clef_candidate	1 ql at A4 or above
data/take6/reductions/string_quartet_double_stops/hark_herald.musicxml	Viola	69	final_tiny_rest	final rest duration 1/4
data/take6/reductions/string_quartet_double_stops/hark_herald.musicxml	Violoncello	21	final_tiny_rest	final rest duration 1/4
data/take6/reductions/string_quartet_double_stops/hark_herald.musicxml	Violoncello	43	final_tiny_rest	final rest duration 1/4
data/take6/reductions/string_quartet_double_stops/hark_herald.musicxml	Violoncello	68	final_tiny_rest	final rest duration 1/4
data/take6/reductions/string_quartet_double_stops/hark_herald.musicxml	Violoncello	69	final_tiny_rest	final rest duration 1/4
data/take6/reductions/string_quartet_double_stops/a_quiet_place.musicxml	Violin I	14	note_crosses_beat	G4.D5 8/3+2/3 crosses beat boundary 3
data/take6/reductions/string_quartet_double_stops/a_quiet_place.musicxml	Viola	1	viola_treble_clef_candidate	2 ql at A4 or above
data/take6/reductions/string_quartet_double_stops/a_quiet_place.musicxml	Viola	12	viola_treble_clef_candidate	1 ql at A4 or above
data/take6/reductions/string_quartet_double_stops/a_quiet_place.musicxml	Viola	14	note_crosses_beat	G#3 8/3+2/3 crosses beat boundary 3
data/take6/reductions/string_quartet_double_stops/a_quiet_place.musicxml	Viola	15	viola_treble_clef_candidate	1 ql at A4 or above
data/take6/reductions/string_quartet_double_stops/a_quiet_place.musicxml	Viola	37	viola_treble_clef_candidate	2 ql at A4 or above
