batch	work_id	title	source_path	output_path	current_semitones	current_key_burden	current_max_key_abs	current_tessitura_score	best_semitones	best_key_burden	best_max_key_abs	best_tessitura_score	key_burden_delta	tessitura_delta	status	note
kdf_string_quartet	IV 1. Luci serena e chiare	1. Luci serena e chiare	data/kdf/book4/sources/book4_01_luci_serena_e_chiare.mid	data/kdf/book4/reductions/string_quartet/book4_01_luci_serena_e_chiare.musicxml	0	1	1	0.398621							ok	
kdf_string_quartet	IV 2. Tallor sano desio	2. Tallor sano desio	data/kdf/book4/sources/book4_02_tallor_sano_desio.mid	data/kdf/book4/reductions/string_quartet/book4_02_tallor_sano_desio.musicxml	0	1	1	0.404268							ok	
kdf_string_quartet	IV 3-4. Io Tacerò	3-4. Io Tacerò	data/kdf/book4/sources/book4_03-04_io_tacero.mid	data/kdf/book4/reductions/string_quartet/book4_03-04_io_tacero.musicxml	2	1	1	0.509071							ok	
kdf_string_quartet	IV 5. Che fai meco	5. Che fai meco	data/kdf/book4/sources/book4_05_che_fai_meco.mid	data/kdf/book4/reductions/string_quartet/book4_05_che_fai_meco.musicxml	2	1	1	0.41914							ok	
kdf_string_quartet	IV 6. Questa crudele et pia	6. Questa crudele et pia	data/kdf/book4/sources/book4_06_questa_crudele_et_pia.mid	data/kdf/book4/reductions/string_quartet/book4_06_questa_crudele_et_pia.musicxml	0	1	1	0.326589							ok	
kdf_string_quartet	IV 7-8. Or che in gioia	7-8. Or che in gioia	data/kdf/book4/sources/book4_07-08_or_che_in_gioia.mid	data/kdf/book4/reductions/string_quartet/book4_07-08_or_che_in_gioia.musicxml	0	1	1	0.367761							ok	
kdf_string_quartet	IV 9-10. Cor mio, deh, non piangete	9-10. Cor mio, deh, non piangete	data/kdf/book4/sources/book4_09-10_cor_mio_deh_non_piangete.mid	data/kdf/book4/reductions/string_quartet/book4_09-10_cor_mio_deh_non_piangete.musicxml	0	0	0	0.44595							ok	
kdf_string_quartet	IV 11. Sparge la morte	11. Sparge la morte	data/kdf/book4/sources/book4_11_sparge_la_morte.mid	data/kdf/book4/reductions/string_quartet/book4_11_sparge_la_morte.musicxml	5	1	1	0.379715							ok	
kdf_string_quartet	IV 12-13. Moro, e mentre sospiro	12-13. Moro, e mentre sospiro	data/kdf/book4/sources/book4_12-13_moro_e_mentre_sospiro.mid	data/kdf/book4/reductions/string_quartet/book4_12-13_moro_e_mentre_sospiro.musicxml	2	1	1	0.493598							ok	
kdf_string_quartet	IV 14. Mentre gira costei	14. Mentre gira costei	data/kdf/book4/sources/book4_14_mentre_gira_costei.mid	data/kdf/book4/reductions/string_quartet/book4_14_mentre_gira_costei.musicxml	0	0	0	0.354195							ok	
kdf_string_quartet	IV 15. A voi, mentre il mio core	15. A voi, mentre il mio core	data/kdf/book4/sources/book4_15_a_voi_mentre_il_mio_core.mid	data/kdf/book4/reductions/string_quartet/book4_15_a_voi_mentre_il_mio_core.musicxml	0	0	0	0.342575							ok	
kdf_string_quartet	IV 16-17. Ecco, morirò dunque	16-17. Ecco, morirò dunque	data/kdf/book4/sources/book4_16-17_ecco_moriro_dunque.mid	data/kdf/book4/reductions/string_quartet/book4_16-17_ecco_moriro_dunque.musicxml	0	0	0	0.341776							ok	
kdf_string_quartet	IV 18. Arde il mio cor	18. Arde il mio cor	data/kdf/book4/sources/book4_18_arde_il_mio_cor.mid	data/kdf/book4/reductions/string_quartet/book4_18_arde_il_mio_cor.musicxml	0	0	0	0.270176							ok	
kdf_string_quartet	IV 19. Se chiudete nel core	19. Se chiudete nel core	data/kdf/book4/sources/book4_19_se_chiudete_nel_core.mid	data/kdf/book4/reductions/string_quartet/book4_19_se_chiudete_nel_core.musicxml	0	0	0	0.30673							ok	
kdf_string_quartet	VI 1. Se la mia morte brami	1. Se la mia morte brami	data/kdf/book6/sources/book6_01_se_la_mia_morte_brami.mid	data/kdf/book6/reductions/string_quartet/book6_01_se_la_mia_morte_brami.musicxml	0	1	1	0.326959							ok	
kdf_string_quartet	VI 2. Beltà poi che tassenti	2. Beltà poi che tassenti	data/kdf/book6/sources/book6_02_belta_poi_che_tassenti.mid	data/kdf/book6/reductions/string_quartet/book6_02_belta_poi_che_tassenti.musicxml	0	1	1	0.411626							ok	
kdf_string_quartet	VI 3. Tu piangi, o filli mia	3. Tu piangi, o filli mia	data/kdf/book6/sources/book6_03_tu_piangi_o_filli_mia.mid	data/kdf/book6/reductions/string_quartet/book6_03_tu_piangi_o_filli_mia.musicxml	0	1	1	0.394706							ok	
kdf_string_quartet	VI 4. Resta di darmi noia	4. Resta di darmi noia	data/kdf/book6/sources/book6_04_resta_di_darmi_noia.mid	data/kdf/book6/reductions/string_quartet/book6_04_resta_di_darmi_noia.musicxml	0	0	0	0.487886							ok	
kdf_string_quartet	VI 5. Chiaro risplender suole	5. Chiaro risplender suole	data/kdf/book6/sources/book6_05_chiaro_risplender_suole.mid	data/kdf/book6/reductions/string_quartet/book6_05_chiaro_risplender_suole.musicxml	0	0	0	0.329151							ok	
kdf_string_quartet	VI 6. Io parto e non più dissi	6. Io parto e non più dissi	data/kdf/book6/sources/book6_06_io_parto_e_non_piu_dissi.mid	data/kdf/book6/reductions/string_quartet/book6_06_io_parto_e_non_piu_dissi.musicxml	0	0	0	0.405896							ok	
kdf_string_quartet	VI 7. Mille volte il di	7. Mille volte il di	data/kdf/book6/sources/book6_07_mille_volte_il_di.mid	data/kdf/book6/reductions/string_quartet/book6_07_mille_volte_il_di.musicxml	2	2	2	0.378196							ok	
kdf_string_quartet	VI 8. O Dolce mio tesoro	8. O Dolce mio tesoro	data/kdf/book6/sources/book6_08_o_dolce_mio_tesoro.mid	data/kdf/book6/reductions/string_quartet/book6_08_o_dolce_mio_tesoro.musicxml	0	0	0	0.342774							ok	
kdf_string_quartet	VI 9. Deh, come invan sospiro	9. Deh, come invan sospiro	data/kdf/book6/sources/book6_09_deh_come_invan_sospiro.mid	data/kdf/book6/reductions/string_quartet/book6_09_deh_come_invan_sospiro.musicxml	0	0	0	0.306834							ok	
kdf_string_quartet	VI 10.  Io pur respiro in così gran dolore	10.  Io pur respiro in così gran dolore	data/kdf/book6/sources/book6_10_io_pur_respiro_in_cosi_gran_dolore.mid	data/kdf/book6/reductions/string_quartet/book6_10_io_pur_respiro_in_cosi_gran_dolore.musicxml	0	0	0	0.280893							ok	
kdf_string_quartet	VI 11. Alme dAmor rubelle	11. Alme dAmor rubelle	data/kdf/book6/sources/book6_11_alme_damor_rubelle.mid	data/kdf/book6/reductions/string_quartet/book6_11_alme_damor_rubelle.musicxml	0	0	0	0.415759							ok	
kdf_string_quartet	VI 12. Càndido e verde fiore	12. Càndido e verde fiore	data/kdf/book6/sources/book6_12_candido_e_verde_fiore.mid	data/kdf/book6/reductions/string_quartet/book6_12_candido_e_verde_fiore.musicxml	0	0	0	0.392127							ok	
kdf_string_quartet	VI 13. Ardita Zanzaretta	13. Ardita Zanzaretta	data/kdf/book6/sources/book6_13_ardita_zanzaretta.mid	data/kdf/book6/reductions/string_quartet/book6_13_ardita_zanzaretta.musicxml	0	0	0	0.370269							ok	
kdf_string_quartet	VI 14. Ardo per te, mio bene	14. Ardo per te, mio bene	data/kdf/book6/sources/book6_14_ardo_per_te_mio_bene.mid	data/kdf/book6/reductions/string_quartet/book6_14_ardo_per_te_mio_bene.musicxml	2	2	2	0.406867							ok	
kdf_string_quartet	VI 15. Ancide sol la morte	15. Ancide sol la morte	data/kdf/book6/sources/book6_15_ancide_sol_la_morte.mid	data/kdf/book6/reductions/string_quartet/book6_15_ancide_sol_la_morte.musicxml	0	0	0	0.377753							ok	
kdf_string_quartet	VI 16. Quel no crudel que la mia speme ancise	16. Quel no crudel que la mia speme ancise	data/kdf/book6/sources/book6_16_quel_no_crudel_que_la_mia_speme_ancise.mid	data/kdf/book6/reductions/string_quartet/book6_16_quel_no_crudel_que_la_mia_speme_ancise.musicxml	0	0	0	0.394022							ok	
kdf_string_quartet	VI 17. Moro, lasso, al mio duolo	17. Moro, lasso, al mio duolo	data/kdf/book6/sources/book6_17_moro_lasso_al_mio_duolo.mid	data/kdf/book6/reductions/string_quartet/book6_17_moro_lasso_al_mio_duolo.musicxml	0	0	0	0.29546							ok	
kdf_string_quartet	VI 18. Volan quasi farfalle	18. Volan quasi farfalle	data/kdf/book6/sources/book6_18_volan_quasi_farfalle.mid	data/kdf/book6/reductions/string_quartet/book6_18_volan_quasi_farfalle.musicxml	0	1	1	0.425041							ok	
kdf_string_quartet	VI 19. Al mio gioir il ciel si fa sereno	19. Al mio gioir il ciel si fa sereno	data/kdf/book6/sources/book6_19_al_mio_gioir_il_ciel_si_fa_sereno.mid	data/kdf/book6/reductions/string_quartet/book6_19_al_mio_gioir_il_ciel_si_fa_sereno.musicxml	0	1	1	0.381181							ok	
kdf_string_quartet	VI 20. Tu segui, o bella Clori	20. Tu segui, o bella Clori	data/kdf/book6/sources/book6_20_tu_segui_o_bella_clori.mid	data/kdf/book6/reductions/string_quartet/book6_20_tu_segui_o_bella_clori.musicxml	0	0	0	0.431175							ok	
kdf_string_quartet	VI 21. Ancor che per amarti	21. Ancor che per amarti	data/kdf/book6/sources/book6_21_ancor_che_per_amarti.mid	data/kdf/book6/reductions/string_quartet/book6_21_ancor_che_per_amarti.musicxml	0	0	0	0.297434							ok	
kdf_string_quartet	VI 22. Già piansi nel dolore	22. Già piansi nel dolore	data/kdf/book6/sources/book6_22_gia_piansi_nel_dolore.mid	data/kdf/book6/reductions/string_quartet/book6_22_gia_piansi_nel_dolore.musicxml	0	0	0	0.33185							ok	
kdf_string_quartet	VI 23. Quando ridente e bella	23. Quando ridente e bella	data/kdf/book6/sources/book6_23_quando_ridente_e_bella.mid	data/kdf/book6/reductions/string_quartet/book6_23_quando_ridente_e_bella.musicxml	-3	2	2	0.408685							ok	
cpdl_5_voice_string_quartet	2	Ave Regina coelorum	data/cpdl/5-voices/sources/002_ave_regina_coelorum__02_gesualdo_ave_regina_coelorum.mxl	data/cpdl/5-voices/reductions/string_quartet/002_ave_regina_coelorum.musicxml	2	2	2	0.38719							ok	
cpdl_5_voice_string_quartet	3	Ave, dulcissima Maria	data/cpdl/5-voices/sources/003_ave_dulcissima_maria__02_ave_dulcissima_maria_gesualdo.mxl	data/cpdl/5-voices/reductions/string_quartet/003_ave_dulcissima_maria.musicxml	0	2	2	0.407875							ok	
cpdl_5_voice_string_quartet	4	Deus refugium et virtus	data/cpdl/5-voices/sources/004_deus_refugium_et_virtus__02_gesualdo_deus_refugium.mxl	data/cpdl/5-voices/reductions/string_quartet/004_deus_refugium_et_virtus.musicxml	0	0	0	0.384503							ok	
cpdl_5_voice_string_quartet	5	Dignare me	data/cpdl/5-voices/sources/005_dignare_me__02_gesualdo_dignare_me.mxl	data/cpdl/5-voices/reductions/string_quartet/005_dignare_me.musicxml	2	1	1	0.442877							ok	
cpdl_5_voice_string_quartet	6	Domine ne despicias	data/cpdl/5-voices/sources/006_domine_ne_despicias__02_gesualdo_domine_ne_despicias.mxl	data/cpdl/5-voices/reductions/string_quartet/006_domine_ne_despicias.musicxml	2	2	2	0.415962							ok	
cpdl_5_voice_string_quartet	7	Exaudi Deus	data/cpdl/5-voices/sources/007_exaudi_deus__02_gesualdo_exaudi_deus.mxl	data/cpdl/5-voices/reductions/string_quartet/007_exaudi_deus.musicxml	2	2	2	0.404391							ok	
cpdl_5_voice_string_quartet	8	Hei mihi, Domine	data/cpdl/5-voices/sources/008_hei_mihi_domine__02_gesu_hei.mxl	data/cpdl/5-voices/reductions/string_quartet/008_hei_mihi_domine.musicxml	2	2	2	0.347156							ok	
cpdl_5_voice_string_quartet	9	Illumina faciem tuam	data/cpdl/5-voices/sources/009_illumina_faciem_tuam__02_illumina_faciem_tuam_gesualdo.mxl	data/cpdl/5-voices/reductions/string_quartet/009_illumina_faciem_tuam.musicxml	2	1	1	0.341545							ok	
cpdl_5_voice_string_quartet	10	Laboravi in gemitu meo	data/cpdl/5-voices/sources/010_laboravi_in_gemitu_meo__02_gesualdo_laboravi.mxl	data/cpdl/5-voices/reductions/string_quartet/010_laboravi_in_gemitu_meo.musicxml	2	1	1	0.460098							ok	
cpdl_5_voice_string_quartet	11	Maria, mater gratiae	data/cpdl/5-voices/sources/011_maria_mater_gratiae__02_gesualdo_maria_mater_gratiae.mxl	data/cpdl/5-voices/reductions/string_quartet/011_maria_mater_gratiae.musicxml	2	1	1	0.378185							ok	
cpdl_5_voice_string_quartet	12	O Crux benedicta	data/cpdl/5-voices/sources/012_o_crux_benedicta__02_gesualdo_o_crux_benedicta.mxl	data/cpdl/5-voices/reductions/string_quartet/012_o_crux_benedicta.musicxml	0	0	0	0.317269							ok	
cpdl_5_voice_string_quartet	13	O vos omnes (1603)	data/cpdl/5-voices/sources/013_o_vos_omnes_1603__02_gesualdo_ovosomnes.mxl	data/cpdl/5-voices/reductions/string_quartet/013_o_vos_omnes_1603.musicxml	2	1	1	0.304395							ok	
cpdl_5_voice_string_quartet	14	Peccantem me quotidie	data/cpdl/5-voices/sources/014_peccantem_me_quotidie__02_gesualdo_peccantum_me.mxl	data/cpdl/5-voices/reductions/string_quartet/014_peccantem_me_quotidie.musicxml	2	1	1	0.381111							ok	
cpdl_5_voice_string_quartet	15	Precibus et meritis	data/cpdl/5-voices/sources/015_precibus_et_meritis__02_gesualdo_precibus.mxl	data/cpdl/5-voices/reductions/string_quartet/015_precibus_et_meritis.musicxml	2	2	2	0.372314							ok	
cpdl_5_voice_string_quartet	16	Reminiscere	data/cpdl/5-voices/sources/016_reminiscere__02_gesualdo_reminiscere.mxl	data/cpdl/5-voices/reductions/string_quartet/016_reminiscere.musicxml	2	1	1	0.355768							ok	
cpdl_5_voice_string_quartet	17	Sancti Spiritus Domine	data/cpdl/5-voices/sources/017_sancti_spiritus_domine__02_gesualdo_sancti_spiritus_domine.mxl	data/cpdl/5-voices/reductions/string_quartet/017_sancti_spiritus_domine.musicxml	2	1	1	0.444045							ok	
cpdl_5_voice_string_quartet	18	Tribularer si nescirem	data/cpdl/5-voices/sources/018_tribularer_si_nescirem__02_gesualdo_tribularer19.mxl	data/cpdl/5-voices/reductions/string_quartet/018_tribularer_si_nescirem.musicxml	0	0	0	0.304795							ok	
cpdl_5_voice_string_quartet	19	Tribulationem et dolorem	data/cpdl/5-voices/sources/019_tribulationem_et_dolorem__02_tribulationem_et_dolorem_gesualdo.mxl	data/cpdl/5-voices/reductions/string_quartet/019_tribulationem_et_dolorem.musicxml	0	0	0	0.397338							ok	
cpdl_5_voice_string_quartet	20	Venit lumen tuum	data/cpdl/5-voices/sources/020_venit_lumen_tuum__02_gesu_ven.mxl	data/cpdl/5-voices/reductions/string_quartet/020_venit_lumen_tuum.musicxml	0	2	2	0.374077							ok	
cpdl_5_voice_string_quartet	57	A voi, mentre il mio core	data/cpdl/5-voices/sources/057_a_voi_mentre_il_mio_core__02_a_voi_mentre_il_mio_core_gesualdo.mxl	data/cpdl/5-voices/reductions/string_quartet/057_a_voi_mentre_il_mio_core.musicxml	0	0	0	0.342575							ok	
cpdl_5_voice_string_quartet	58	Ahi, disperata vita	data/cpdl/5-voices/sources/058_ahi_disperata_vita__01_gesualdo_ahi_disperata_vita.mxl	data/cpdl/5-voices/reductions/string_quartet/058_ahi_disperata_vita.musicxml	2	2	2	0.406426							ok	
cpdl_5_voice_string_quartet	59	Ahi, dispietata e cruda		data/cpdl/5-voices/reductions/string_quartet/059_ahi_dispietata_e_cruda.musicxml											source_status_error	data/cpdl/059_ahi_dispietata_e_cruda__01_gesualdo_ahi_dispietata_e_cruda.mxl: reduction failed: Violin I has overlapping source events near measure 6: p0:e9
cpdl_5_voice_string_quartet	60	Al mio gioir il ciel si fa sereno	data/cpdl/5-voices/sources/060_al_mio_gioir_il_ciel_si_fa_sereno__02_al_mio_gioir_gesualdo.mxl	data/cpdl/5-voices/reductions/string_quartet/060_al_mio_gioir_il_ciel_si_fa_sereno.musicxml	0	1	1	0.381181							ok	
cpdl_5_voice_string_quartet	61	All' ombra de gl'allori	data/cpdl/5-voices/sources/061_all_ombra_de_gl_allori__02_gesualdo_all_ombra_de_gl_allori.mxl	data/cpdl/5-voices/reductions/string_quartet/061_all_ombra_de_gl_allori.musicxml	2	1	1	0.397841							ok	
cpdl_5_voice_string_quartet	62	All'apparir di quelle luci ardenti	data/cpdl/5-voices/sources/062_all_apparir_di_quelle_luci_ardenti__02_gesualdo_all_apparir_di_quelle_luci_ardenti.mxl	data/cpdl/5-voices/reductions/string_quartet/062_all_apparir_di_quelle_luci_ardenti.musicxml	0	1	1	0.301925							ok	
cpdl_5_voice_string_quartet	63	Alme d'Amor rubelle	data/cpdl/5-voices/sources/063_alme_d_amor_rubelle__02_alme_d_amor_rubelle_gesualdo.mxl	data/cpdl/5-voices/reductions/string_quartet/063_alme_d_amor_rubelle.musicxml	0	0	0	0.415759							ok	
cpdl_5_voice_string_quartet	64	Amor pace non chero	data/cpdl/5-voices/sources/064_amor_pace_non_chero__01_gesualdo_amor_pace_non_chero.mxl	data/cpdl/5-voices/reductions/string_quartet/064_amor_pace_non_chero.musicxml	0	0	0	0.350029							ok	
cpdl_5_voice_string_quartet	65	Ancide sol la morte	data/cpdl/5-voices/sources/065_ancide_sol_la_morte__02_ancide_sol_la_morte_gesualdo.mxl	data/cpdl/5-voices/reductions/string_quartet/065_ancide_sol_la_morte.musicxml	0	0	0	0.377753							ok	
cpdl_5_voice_string_quartet	66	Ancidetemi pur, grievi martiri	data/cpdl/5-voices/sources/066_ancidetemi_pur_grievi_martiri__01_gesualdo_ancidetemi_pur_grievi_martiri.mxl	data/cpdl/5-voices/reductions/string_quartet/066_ancidetemi_pur_grievi_martiri.musicxml	0	0	0	0.342331							ok	
cpdl_5_voice_string_quartet	67	Ancor che per amarti	data/cpdl/5-voices/sources/067_ancor_che_per_amarti__02_ancor_che_per_amarti_gesualdo.mxl	data/cpdl/5-voices/reductions/string_quartet/067_ancor_che_per_amarti.musicxml	0	0	0	0.306751							ok	
cpdl_5_voice_string_quartet	68	Arde il mio cor	data/cpdl/5-voices/sources/068_arde_il_mio_cor__02_arde_il_mio_cor_gesualdo.mxl	data/cpdl/5-voices/reductions/string_quartet/068_arde_il_mio_cor.musicxml	0	0	0	0.275964							ok	
cpdl_5_voice_string_quartet	69	Ardita zanzaretta	data/cpdl/5-voices/sources/069_ardita_zanzaretta__02_ardita_zanzaretta_gesualdo.mxl	data/cpdl/5-voices/reductions/string_quartet/069_ardita_zanzaretta.musicxml	0	0	0	0.370269							ok	
cpdl_5_voice_string_quartet	70	Ardo per te, mio bene	data/cpdl/5-voices/sources/070_ardo_per_te_mio_bene__02_ardo_per_te_mio_bene_gesualdo.mxl	data/cpdl/5-voices/reductions/string_quartet/070_ardo_per_te_mio_bene.musicxml	2	2	2	0.400889							ok	
cpdl_5_voice_string_quartet	71	Asciugate i begli occhi	data/cpdl/5-voices/sources/071_asciugate_i_begli_occhi__02_gesu_14asc.mxl	data/cpdl/5-voices/reductions/string_quartet/071_asciugate_i_begli_occhi.musicxml	0	1	1	0.418487							ok	
cpdl_5_voice_string_quartet	72	Baci soavi e cari	data/cpdl/5-voices/sources/072_baci_soavi_e_cari__02_gesualdo_baci_soavi_e_cari.mxl	data/cpdl/5-voices/reductions/string_quartet/072_baci_soavi_e_cari.musicxml	0	1	1	0.335709							ok	
cpdl_5_voice_string_quartet	73	Bella Angioletta	data/cpdl/5-voices/sources/073_bella_angioletta__01_gesualdo_bella_angioletta.mxl	data/cpdl/5-voices/reductions/string_quartet/073_bella_angioletta.musicxml	0	0	0	0.309285							ok	
cpdl_5_voice_string_quartet	74	Beltà poi che t'assenti	data/cpdl/5-voices/sources/074_belta_poi_che_t_assenti__02_belta_poi_che_t_assenti.mxl	data/cpdl/5-voices/reductions/string_quartet/074_belt_poi_che_t_assenti.musicxml	0	3	3	0.384179							ok	
cpdl_5_voice_string_quartet	75	Candida man qual neve	data/cpdl/5-voices/sources/075_candida_man_qual_neve__02_gesualdo_candida_man_qual_neve.mxl	data/cpdl/5-voices/reductions/string_quartet/075_candida_man_qual_neve.musicxml	0	0	0	0.326922							ok	
cpdl_5_voice_string_quartet	76	Candido e verde fiore	data/cpdl/5-voices/sources/076_candido_e_verde_fiore__02_candido_e_verde_fiore_gesualdo.mxl	data/cpdl/5-voices/reductions/string_quartet/076_candido_e_verde_fiore.musicxml	0	0	0	0.392127							ok	
cpdl_5_voice_string_quartet	77	Caro amoroso neo	data/cpdl/5-voices/sources/077_caro_amoroso_neo__01_gesualdo_caro_amoroso_neo.mxl	data/cpdl/5-voices/reductions/string_quartet/077_caro_amoroso_neo.musicxml	0	1	1	0.400685							ok	
cpdl_5_voice_string_quartet	78	Che fai meco	data/cpdl/5-voices/sources/078_che_fai_meco__02_che_fai_meco_gesualdo.mxl	data/cpdl/5-voices/reductions/string_quartet/078_che_fai_meco.musicxml	2	1	1	0.41914							ok	
cpdl_5_voice_string_quartet	79	Che sentir deve il petto mio	data/cpdl/5-voices/sources/079_che_sentir_deve_il_petto_mio__01_5_che_sentir_deve.mid	data/cpdl/5-voices/reductions/string_quartet/079_che_sentir_deve_il_petto_mio.musicxml	0	1	1	0.357337							ok	
cpdl_5_voice_string_quartet	80	Chiaro risplender suole	data/cpdl/5-voices/sources/080_chiaro_risplender_suole__02_chiaro_risplender_suole_gesualdo.mxl	data/cpdl/5-voices/reductions/string_quartet/080_chiaro_risplender_suole.musicxml	0	0	0	0.360913							ok	
cpdl_5_voice_string_quartet	81	Com'esser può ch'io viva	data/cpdl/5-voices/sources/081_com_esser_puo_ch_io_viva__01_gesualdo_come_esser_puo_ch_io_viva.mxl	data/cpdl/5-voices/reductions/string_quartet/081_com_esser_pu_ch_io_viva.musicxml	0	1	1	0.373886							ok	
cpdl_5_voice_string_quartet	82	Come vivrai cor mio	data/cpdl/5-voices/sources/082_come_vivrai_cor_mio__02_gesualdo_come_vivrai_cor_mio.mxl	data/cpdl/5-voices/reductions/string_quartet/082_come_vivrai_cor_mio.musicxml	2	2	2	0.30678							ok	
cpdl_5_voice_string_quartet	83	Cor mio, deh, non piangete	data/cpdl/5-voices/sources/083_cor_mio_deh_non_piangete__02_cor_mio_deh_gesualdo.mxl	data/cpdl/5-voices/reductions/string_quartet/083_cor_mio_deh_non_piangete.musicxml	0	0	0	0.44595							ok	
cpdl_5_voice_string_quartet	84	Correte, amanti, a prova	data/cpdl/5-voices/sources/084_correte_amanti_a_prova__02_gesu_13cor.mxl	data/cpdl/5-voices/reductions/string_quartet/084_correte_amanti_a_prova.musicxml	0	0	0	0.36848							ok	
cpdl_5_voice_string_quartet	85	Crudelissima doglia		data/cpdl/5-voices/reductions/string_quartet/085_crudelissima_doglia.musicxml											source_status_error	data/cpdl/085_crudelissima_doglia__01_gesualdo_crudelissima_doglia.mxl: reduction failed: Violoncello has overlapping source events near measure 11: p4:e20
cpdl_5_voice_string_quartet	86	Dalle odorate spoglie	data/cpdl/5-voices/sources/086_dalle_odorate_spoglie__02_dalle_odorate_spoglie_gesualdo.mxl	data/cpdl/5-voices/reductions/string_quartet/086_dalle_odorate_spoglie.musicxml	0	0	0	0.383206							ok	
cpdl_5_voice_string_quartet	87	Deh coprite il bel seno	data/cpdl/5-voices/sources/087_deh_coprite_il_bel_seno__02_gesu_16de.mxl	data/cpdl/5-voices/reductions/string_quartet/087_deh_coprite_il_bel_seno.musicxml	0	0	0	0.339271							ok	
cpdl_5_voice_string_quartet	88	Deh, come invan sospiro	data/cpdl/5-voices/sources/088_deh_come_invan_sospiro__02_deh_come_invan_gesualdo.mxl	data/cpdl/5-voices/reductions/string_quartet/088_deh_come_invan_sospiro.musicxml	0	0	0	0.306735							ok	
cpdl_5_voice_string_quartet	89	Deh, se già fu crudele		data/cpdl/5-voices/reductions/string_quartet/089_deh_se_gi_fu_crudele.musicxml											source_status_error	data/cpdl/089_deh_se_gia_fu_crudele__01_gesualdo_deh_se_gia_fu_crudele.mxl: reduction failed: Violin I has overlapping source events near measure 18: p0:e45
cpdl_5_voice_string_quartet	90	Del bel de bei vostri occhi	data/cpdl/5-voices/sources/090_del_bel_de_bei_vostri_occhi__01_gesualdo_del_bel_de_bei_vostri_occhi.mxl	data/cpdl/5-voices/reductions/string_quartet/090_del_bel_de_bei_vostri_occhi.musicxml	0	0	0	0.30393							ok	
cpdl_5_voice_string_quartet	91	Dolce spirto d'amore	data/cpdl/5-voices/sources/091_dolce_spirto_d_amore__01_gesualdo_dolce_spirto_d_amore.mxl	data/cpdl/5-voices/reductions/string_quartet/091_dolce_spirto_d_amore.musicxml	0	1	1	0.329321							ok	
cpdl_5_voice_string_quartet	92	Dolcissima mia vita	data/cpdl/5-voices/sources/092_dolcissima_mia_vita__02_dolcissima_mia_vita_gesualdo.mxl	data/cpdl/5-voices/reductions/string_quartet/092_dolcissima_mia_vita.musicxml	0	1	1	0.340678							ok	
cpdl_5_voice_string_quartet	93	Dolcissimo sospiro	data/cpdl/5-voices/sources/093_dolcissimo_sospiro__01_gesualdo_dolcissimo_sospiro.mxl	data/cpdl/5-voices/reductions/string_quartet/093_dolcissimo_sospiro.musicxml	0	1	1	0.376366							ok	
cpdl_5_voice_string_quartet	95	Ecco, morirò dunque	data/cpdl/5-voices/sources/095_ecco_moriro_dunque__02_ecco_moriro_dunque_gesualdo.mxl	data/cpdl/5-voices/reductions/string_quartet/095_ecco_morir_dunque.musicxml	0	0	0	0.341776							ok	
cpdl_5_voice_string_quartet	96	Felice primavera	data/cpdl/5-voices/sources/096_felice_primavera__02_gesualdo_felice_primavera.mxl	data/cpdl/5-voices/reductions/string_quartet/096_felice_primavera.musicxml	0	1	1	0.297823							ok	
cpdl_5_voice_string_quartet	97	Felicissimo sonno	data/cpdl/5-voices/sources/097_felicissimo_sonno__02_gesu_7fel.mxl	data/cpdl/5-voices/reductions/string_quartet/097_felicissimo_sonno.musicxml	2	2	2	0.380197							ok	
cpdl_5_voice_string_quartet	98	Gelo ha madonna il seno	data/cpdl/5-voices/sources/098_gelo_ha_madonna_il_seno__01_gesualdo_gelo.mxl	data/cpdl/5-voices/reductions/string_quartet/098_gelo_ha_madonna_il_seno.musicxml	2	1	1	0.375795							ok	
cpdl_5_voice_string_quartet	99	Gioite voi col canto	data/cpdl/5-voices/sources/099_gioite_voi_col_canto__02_gioite_voi_gesualdo.mxl	data/cpdl/5-voices/reductions/string_quartet/099_gioite_voi_col_canto.musicxml	0	1	1	0.348426							ok	
cpdl_5_voice_string_quartet	100	Già piansi nel dolore	data/cpdl/5-voices/sources/100_gia_piansi_nel_dolore__02_gia_piansi_nel_dolore_gesualdo.mxl	data/cpdl/5-voices/reductions/string_quartet/100_gi_piansi_nel_dolore.musicxml	0	0	0	0.33185							ok	
cpdl_5_voice_string_quartet	101	Hai rotto e sciolto e spento	data/cpdl/5-voices/sources/101_hai_rotto_e_sciolto_e_spento__02_hai_rotto_gesualdo.mxl	data/cpdl/5-voices/reductions/string_quartet/101_hai_rotto_e_sciolto_e_spento.musicxml	1	4	4	0.446195							ok	
cpdl_5_voice_string_quartet	102	In più leggiadro velo	data/cpdl/5-voices/sources/102_in_piu_leggiadro_velo__01_gesualdo_in_piu_leggiadro_velo.mxl	data/cpdl/5-voices/reductions/string_quartet/102_in_pi_leggiadro_velo.musicxml	0	1	1	0.344482							ok	
cpdl_5_voice_string_quartet	103	Io parto, e non più dissi	data/cpdl/5-voices/sources/103_io_parto_e_non_piu_dissi__02_io_parto_gesualdo.mxl	data/cpdl/5-voices/reductions/string_quartet/103_io_parto_e_non_pi_dissi.musicxml	0	0	0	0.405896							ok	
cpdl_5_voice_string_quartet	104	Io pur respiro in così gran dolore	data/cpdl/5-voices/sources/104_io_pur_respiro_in_cosi_gran_dolore__02_io_pur_respiro_gesualdo.mxl	data/cpdl/5-voices/reductions/string_quartet/104_io_pur_respiro_in_cos_gran_dolore.musicxml	0	0	0	0.280893							ok	
cpdl_5_voice_string_quartet	105	Io tacerò	data/cpdl/5-voices/sources/105_io_tacero__02_io_tacero_gesualdo.mxl	data/cpdl/5-voices/reductions/string_quartet/105_io_tacer.musicxml	2	1	1	0.448495							ok	
cpdl_5_voice_string_quartet	106	Itene o miei sospiri	data/cpdl/5-voices/sources/106_itene_o_miei_sospiri__02_gesu_3ite.mxl	data/cpdl/5-voices/reductions/string_quartet/106_itene_o_miei_sospiri.musicxml	0	1	1	0.381092							ok	
cpdl_5_voice_string_quartet	107	Languisce al fin chi da la vita parte	data/cpdl/5-voices/sources/107_languisce_al_fin_chi_da_la_vita_parte__02_gesu_10la.mxl	data/cpdl/5-voices/reductions/string_quartet/107_languisce_al_fin_chi_da_la_vita_parte.musicxml	0	0	0	0.351049							ok	
cpdl_5_voice_string_quartet	108	Languisce e moro, ahi, cruda		data/cpdl/5-voices/reductions/string_quartet/108_languisce_e_moro_ahi_cruda.musicxml											source_status_error	data/cpdl/108_languisce_e_moro_ahi_cruda__01_gesualdo_languisce_e_moro_ahi_cruda.mxl: reduction failed: Violin I has overlapping source events near measure 17: p0:e17
cpdl_5_voice_string_quartet	109	Luci serene e chiare	data/cpdl/5-voices/sources/109_luci_serene_e_chiare__01_gesualdo_luciserene.mxl	data/cpdl/5-voices/reductions/string_quartet/109_luci_serene_e_chiare.musicxml	0	3	3	0.357362							ok	
cpdl_5_voice_string_quartet	110	Ma se avverrà ch'io moia	data/cpdl/5-voices/sources/110_ma_se_avverra_ch_io_moia__01_8_ma_se_averra.mid	data/cpdl/5-voices/reductions/string_quartet/110_ma_se_avverr_ch_io_moia.musicxml	2	1	1	0.444029							ok	
cpdl_5_voice_string_quartet	111	Ma se tale ha costei	data/cpdl/5-voices/sources/111_ma_se_tale_ha_costei__01_ma_se_tale_ha_costei.mid	data/cpdl/5-voices/reductions/string_quartet/111_ma_se_tale_ha_costei.musicxml	0	1	1	0.414577							ok	
cpdl_5_voice_string_quartet	112	Ma tu, cagion di quella atroce pena	data/cpdl/5-voices/sources/112_ma_tu_cagion_di_quella_atroce_pena__02_gesu_18ma.mxl	data/cpdl/5-voices/reductions/string_quartet/112_ma_tu_cagion_di_quella_atroce_pena.musicxml	2	2	2	0.385887							ok	
cpdl_5_voice_string_quartet	113	Madonna, io ben vorrei	data/cpdl/5-voices/sources/113_madonna_io_ben_vorrei__02_gesualdo_madonna_io_ben_vorrei.mxl	data/cpdl/5-voices/reductions/string_quartet/113_madonna_io_ben_vorrei.musicxml	2	1	1	0.286906							ok	
cpdl_5_voice_string_quartet	114	Mentre gira costei	data/cpdl/5-voices/sources/114_mentre_gira_costei__02_mentre_gira_costei_gesualdo.mxl	data/cpdl/5-voices/reductions/string_quartet/114_mentre_gira_costei.musicxml	0	0	0	0.354195							ok	
cpdl_5_voice_string_quartet	115	Mentre madonna il lasso fianco posa	data/cpdl/5-voices/sources/115_mentre_madonna_il_lasso_fianco_posa__02_gesualdo_mentre_madonna_il_lasso_fianco_posa.mxl	data/cpdl/5-voices/reductions/string_quartet/115_mentre_madonna_il_lasso_fianco_posa.musicxml	0	0	0	0.388908							ok	
cpdl_5_voice_string_quartet	116	Mentre, mia stella, miri	data/cpdl/5-voices/sources/116_mentre_mia_stella_miri__01_gesualdo_mentre_mia_stella_miri.mxl	data/cpdl/5-voices/reductions/string_quartet/116_mentre_mia_stella_miri.musicxml	0	0	0	0.30647							ok	
cpdl_5_voice_string_quartet	117	Meraviglia d'Amore	data/cpdl/5-voices/sources/117_meraviglia_d_amore__01_gesualdo_meraviglia_d_amore.mxl	data/cpdl/5-voices/reductions/string_quartet/117_meraviglia_d_amore.musicxml	0	0	0	0.322949							ok	
cpdl_5_voice_string_quartet	118	Mercè grido piangendo	data/cpdl/5-voices/sources/118_merce_grido_piangendo__02_gesu_11me.mxl	data/cpdl/5-voices/reductions/string_quartet/118_merc_grido_piangendo.musicxml	0	0	0	0.311154							ok	
cpdl_5_voice_string_quartet	119	Mille volte il di	data/cpdl/5-voices/sources/119_mille_volte_il_di__02_mille_volte_il_di_gesualdo.mxl	data/cpdl/5-voices/reductions/string_quartet/119_mille_volte_il_di.musicxml	2	2	2	0.3783							ok	
cpdl_5_voice_string_quartet	120	Moro, e mentre sospiro	data/cpdl/5-voices/sources/120_moro_e_mentre_sospiro__02_moro_e_mentre_sospiro_gesualdo.mxl	data/cpdl/5-voices/reductions/string_quartet/120_moro_e_mentre_sospiro.musicxml	2	1	1	0.493598							ok	
cpdl_5_voice_string_quartet	121	Moro, lasso, al mio duolo	data/cpdl/5-voices/sources/121_moro_lasso_al_mio_duolo__02_moro_lasso_gesualdo.mxl	data/cpdl/5-voices/reductions/string_quartet/121_moro_lasso_al_mio_duolo.musicxml	0	0	0	0.298922							ok	
cpdl_5_voice_string_quartet	123	Non mai non cangerò stato	data/cpdl/5-voices/sources/123_non_mai_non_cangero_stato__02_gesualdo_non_mai_non_cangero.mxl	data/cpdl/5-voices/reductions/string_quartet/123_non_mai_non_canger_stato.musicxml	2	1	1	0.333364							ok	
cpdl_5_voice_string_quartet	124	Non mi toglia il ben mio	data/cpdl/5-voices/sources/124_non_mi_toglia_il_ben_mio__01_gesualdo_nonmitoglia.mxl	data/cpdl/5-voices/reductions/string_quartet/124_non_mi_toglia_il_ben_mio.musicxml	0	1	1	0.440743							ok	
cpdl_5_voice_string_quartet	125	Non mirar, non mirare	data/cpdl/5-voices/sources/125_non_mirar_non_mirare__01_gesualdo_non_mirar_non_mirare.mxl	data/cpdl/5-voices/reductions/string_quartet/125_non_mirar_non_mirare.musicxml	0	0	0	0.378737							ok	
cpdl_5_voice_string_quartet	126	Non t'amo, o voce ingrata		data/cpdl/5-voices/reductions/string_quartet/126_non_t_amo_o_voce_ingrata.musicxml											source_status_error	data/cpdl/126_non_t_amo_o_voce_ingrata__01_gesualdo_non_t_amo_o_voce_ingrata.mxl: reduction failed: Violin I has overlapping source events near measure 6: p0:e7
cpdl_5_voice_string_quartet	127	Non è questa la mano	data/cpdl/5-voices/sources/127_non_e_questa_la_mano__01_gesualdo_non_e_questa_la_mano.mxl	data/cpdl/5-voices/reductions/string_quartet/127_non_questa_la_mano.musicxml	0	0	0	0.302449							ok	
cpdl_5_voice_string_quartet	128	O com'è gran martire	data/cpdl/5-voices/sources/128_o_com_e_gran_martire__01_gesualdo_o_com_e_gran_martire.mxl	data/cpdl/5-voices/reductions/string_quartet/128_o_com_gran_martire.musicxml	0	0	0	0.360927							ok	
cpdl_5_voice_string_quartet	129	O dolce mio martire	data/cpdl/5-voices/sources/129_o_dolce_mio_martire__01_gesualdo_o_dolce_mio_martire.mxl	data/cpdl/5-voices/reductions/string_quartet/129_o_dolce_mio_martire.musicxml	0	0	0	0.416714							ok	
cpdl_5_voice_string_quartet	130	O dolce mio tesoro	data/cpdl/5-voices/sources/130_o_dolce_mio_tesoro__02_o_dolce_mio_tesoro_gesualdo.mxl	data/cpdl/5-voices/reductions/string_quartet/130_o_dolce_mio_tesoro.musicxml	0	0	0	0.355757							ok	
cpdl_5_voice_string_quartet	131	O dolorosa gioia	data/cpdl/5-voices/sources/131_o_dolorosa_gioia__02_gesu_5odo.mxl	data/cpdl/5-voices/reductions/string_quartet/131_o_dolorosa_gioia.musicxml	2	1	1	0.455283							ok	
cpdl_5_voice_string_quartet	132	O mal nati messagi	data/cpdl/5-voices/sources/132_o_mal_nati_messagi__02_o_mal_nati_messagi_gesualdo.mxl	data/cpdl/5-voices/reductions/string_quartet/132_o_mal_nati_messagi.musicxml	0	0	0	0.477723							ok	
cpdl_5_voice_string_quartet	134	O tenebroso giorno	data/cpdl/5-voices/sources/134_o_tenebroso_giorno__02_gesu_19ote.mxl	data/cpdl/5-voices/reductions/string_quartet/134_o_tenebroso_giorno.musicxml	2	2	2	0.402085							ok	
cpdl_5_voice_string_quartet	135	O voi troppo felici	data/cpdl/5-voices/sources/135_o_voi_troppo_felici__02_gesu_12ovoi.mxl	data/cpdl/5-voices/reductions/string_quartet/135_o_voi_troppo_felici.musicxml	0	0	0	0.319977							ok	
cpdl_5_voice_string_quartet	136	Occhi del mio cor vita	data/cpdl/5-voices/sources/136_occhi_del_mio_cor_vita__02_gesu_9occhisattb.mxl	data/cpdl/5-voices/reductions/string_quartet/136_occhi_del_mio_cor_vita.musicxml	0	0	0	0.411129							ok	
cpdl_5_voice_string_quartet	137	Or, che in gioia	data/cpdl/5-voices/sources/137_or_che_in_gioia__02_or_che_in_gioia_gesualdo.mxl	data/cpdl/5-voices/reductions/string_quartet/137_or_che_in_gioia.musicxml	0	1	1	0.367761							ok	
cpdl_5_voice_string_quartet	138	Poichè l'avida sete	data/cpdl/5-voices/sources/138_poiche_l_avida_sete__02_gesu_17poi.mxl	data/cpdl/5-voices/reductions/string_quartet/138_poich_l_avida_sete.musicxml	2	2	2	0.401778							ok	
cpdl_5_voice_string_quartet	139	Qual fora, donna	data/cpdl/5-voices/sources/139_qual_fora_donna__02_gesu_6qu.mxl	data/cpdl/5-voices/reductions/string_quartet/139_qual_fora_donna.musicxml	0	1	1	0.339225							ok	
cpdl_5_voice_string_quartet	140	Quando l'alba novella	data/cpdl/5-voices/sources/140_quando_l_alba_novella__02_gesualdo_quando_l_alba_novella.mxl	data/cpdl/5-voices/reductions/string_quartet/140_quando_l_alba_novella.musicxml	2	1	1	0.330048							ok	
cpdl_5_voice_string_quartet	141	Quando ridente e bella	data/cpdl/5-voices/sources/141_quando_ridente_e_bella__02_quando_ridente_e_bella_gesualdo.mxl	data/cpdl/5-voices/reductions/string_quartet/141_quando_ridente_e_bella.musicxml	0	1	1	0.405936							ok	
cpdl_5_voice_string_quartet	143	Quel 'no' crudel che la mia speme ancise	data/cpdl/5-voices/sources/143_quel_no_crudel_che_la_mia_speme_ancise__02_quel_no_crudel_gesualdo.mxl	data/cpdl/5-voices/reductions/string_quartet/143_quel_no_crudel_che_la_mia_speme_ancise.musicxml	0	0	0	0.394022							ok	
cpdl_5_voice_string_quartet	144	Questa crudele e pia	data/cpdl/5-voices/sources/144_questa_crudele_e_pia__02_questa_crudele_et_pia_gesualdo.mxl	data/cpdl/5-voices/reductions/string_quartet/144_questa_crudele_e_pia.musicxml	0	1	1	0.336546							ok	
cpdl_5_voice_string_quartet	145	Questi leggiadri odorosetti fiori	data/cpdl/5-voices/sources/145_questi_leggiadri_odorosetti_fiori__02_gesualdo_questi_cpdl.mxl	data/cpdl/5-voices/reductions/string_quartet/145_questi_leggiadri_odorosetti_fiori.musicxml	2	2	2	0.427783							ok	
cpdl_5_voice_string_quartet	146	Resta di darmi noia	data/cpdl/5-voices/sources/146_resta_di_darmi_noia__02_resta_di_darmi_noia_gesualdo.mxl	data/cpdl/5-voices/reductions/string_quartet/146_resta_di_darmi_noia.musicxml	0	0	0	0.438988							ok	
cpdl_5_voice_string_quartet	147	S'io non miro non moro	data/cpdl/5-voices/sources/147_s_io_non_miro_non_moro__02_sio_non_miro_gesualdo.mxl	data/cpdl/5-voices/reductions/string_quartet/147_s_io_non_miro_non_moro.musicxml	0	1	1	0.309367							ok	
cpdl_5_voice_string_quartet	148	Se chiudete nel core	data/cpdl/5-voices/sources/148_se_chiudete_nel_core__02_se_chiudete_nel_core_gesualdo.mxl	data/cpdl/5-voices/reductions/string_quartet/148_se_chiudete_nel_core.musicxml	0	0	0	0.3044							ok	
cpdl_5_voice_string_quartet	149	Se così dolce è il duolo	data/cpdl/5-voices/sources/149_se_cosi_dolce_e_il_duolo__01_gesualdo_se_cosi_dolce_e_il_duolo.mxl	data/cpdl/5-voices/reductions/string_quartet/149_se_cos_dolce_il_duolo.musicxml	2	1	1	0.39522							ok	
cpdl_5_voice_string_quartet	150	Se da sì nobil mano	data/cpdl/5-voices/sources/150_se_da_si_nobil_mano__01_gesualdo_se_da_si_nobil_mano.mxl	data/cpdl/5-voices/reductions/string_quartet/150_se_da_s_nobil_mano.musicxml	0	0	0	0.293371							ok	
cpdl_5_voice_string_quartet	151	Se la mia morte brami	data/cpdl/5-voices/sources/151_se_la_mia_morte_brami__02_gesualdo_se_la_mia_morte_brami.mxl	data/cpdl/5-voices/reductions/string_quartet/151_se_la_mia_morte_brami.musicxml	0	1.06081	2	0.332578							ok	
cpdl_5_voice_string_quartet	152	Se per lieve ferita	data/cpdl/5-voices/sources/152_se_per_lieve_ferita__02_4_se_per_lieve_ferita.mid	data/cpdl/5-voices/reductions/string_quartet/152_se_per_lieve_ferita.musicxml	0	1	1	0.336421							ok	
cpdl_5_voice_string_quartet	153	Se piange, ahimè, la donna del mio core	data/cpdl/5-voices/sources/153_se_piange_ahime_la_donna_del_mio_core__01_gesualdo_se_piange_oime_la_donna_del_mio_core.mxl	data/cpdl/5-voices/reductions/string_quartet/153_se_piange_ahim_la_donna_del_mio_core.musicxml	2	1	1	0.348016							ok	
cpdl_5_voice_string_quartet	154	Se taccio, il duol s'avanza	data/cpdl/5-voices/sources/154_se_taccio_il_duol_s_avanza__02_gesualdo_se_taccio_il_duol_s_avanza.mxl	data/cpdl/5-voices/reductions/string_quartet/154_se_taccio_il_duol_s_avanza.musicxml	2	2	2	0.355134							ok	
cpdl_5_voice_string_quartet	155	Se tu fuggi	data/cpdl/5-voices/sources/155_se_tu_fuggi__02_gesu_20se.mxl	data/cpdl/5-voices/reductions/string_quartet/155_se_tu_fuggi.musicxml	0	1	1	0.356228							ok	
cpdl_5_voice_string_quartet	156	Se vi duol il mio duolo	data/cpdl/5-voices/sources/156_se_vi_duol_il_mio_duolo__02_gesu_8se.mxl	data/cpdl/5-voices/reductions/string_quartet/156_se_vi_duol_il_mio_duolo.musicxml	3	3	3	0.398143							ok	
cpdl_5_voice_string_quartet	157	Se vi miro pietosa		data/cpdl/5-voices/reductions/string_quartet/157_se_vi_miro_pietosa.musicxml											source_status_error	data/cpdl/157_se_vi_miro_pietosa__01_gesualdo_se_vi_miro_pietosa.mxl: reduction failed: Violin I has overlapping source events near measure 21: p0:e51
cpdl_5_voice_string_quartet	158	Sento che nel partire	data/cpdl/5-voices/sources/158_sento_che_nel_partire__01_gesualdo_sento_che_nel_partire.mid	data/cpdl/5-voices/reductions/string_quartet/158_sento_che_nel_partire.musicxml	3	3	3	0.372056							ok	
cpdl_5_voice_string_quartet	159	Son sì belle le rose	data/cpdl/5-voices/sources/159_son_si_belle_le_rose__01_gesualdo_son_si_belle_le_rose.mxl	data/cpdl/5-voices/reductions/string_quartet/159_son_s_belle_le_rose.musicxml	0	0	0	0.306474							ok	
cpdl_5_voice_string_quartet	160	Sospirava	data/cpdl/5-voices/sources/160_sospirava__02_sospirava_gesualdo.mxl	data/cpdl/5-voices/reductions/string_quartet/160_sospirava.musicxml	0	0	0	0.333338							ok	
cpdl_5_voice_string_quartet	161	Sparge la morte	data/cpdl/5-voices/sources/161_sparge_la_morte__02_sparge_la_morte_gesualdo.mxl	data/cpdl/5-voices/reductions/string_quartet/161_sparge_la_morte.musicxml	5	1	1	0.373087							ok	
cpdl_5_voice_string_quartet	162	Sì gioioso mi fanno i dolor miei	data/cpdl/5-voices/sources/162_si_gioioso_mi_fanno_i_dolor_miei__01_gesualdo_si_gioioso_mi_fanno_i_dolor_miei.mxl	data/cpdl/5-voices/reductions/string_quartet/162_s_gioioso_mi_fanno_i_dolor_miei.musicxml	0	0	0	0.414039							ok	
cpdl_5_voice_string_quartet	163	T'amo, mia vita	data/cpdl/5-voices/sources/163_t_amo_mia_vita__02_t_amo_mia_vita_gesualdo.mxl	data/cpdl/5-voices/reductions/string_quartet/163_t_amo_mia_vita.musicxml	0	1	1	0.349741							ok	
cpdl_5_voice_string_quartet	164	Tall'or sano desio	data/cpdl/5-voices/sources/164_tall_or_sano_desio__02_tall_or_sano_desio_gesualdo.mxl	data/cpdl/5-voices/reductions/string_quartet/164_tall_or_sano_desio.musicxml	0	1	1	0.404268							ok	
cpdl_5_voice_string_quartet	165	Tirsi morir volea	data/cpdl/5-voices/sources/165_tirsi_morir_volea__01_gesualdo_tirsi_morir_volea.mxl	data/cpdl/5-voices/reductions/string_quartet/165_tirsi_morir_volea.musicxml	0	0	0	0.352							ok	
cpdl_5_voice_string_quartet	166	Tu m'uccidi, o crudele	data/cpdl/5-voices/sources/166_tu_m_uccidi_o_crudele__04_gesu_15tu.mxl	data/cpdl/5-voices/reductions/string_quartet/166_tu_m_uccidi_o_crudele.musicxml	0	0	0	0.371453							ok	
cpdl_5_voice_string_quartet	167	Tu piangi, o Filli mia	data/cpdl/5-voices/sources/167_tu_piangi_o_filli_mia__02_tu_piangi_o_filli_mia_gesualdo.mxl	data/cpdl/5-voices/reductions/string_quartet/167_tu_piangi_o_filli_mia.musicxml	0	1	1	0.384012							ok	
cpdl_5_voice_string_quartet	168	Tu segui, o bella Clori	data/cpdl/5-voices/sources/168_tu_segui_o_bella_clori__02_tu_segui_o_bella_clori_gesualdo.mxl	data/cpdl/5-voices/reductions/string_quartet/168_tu_segui_o_bella_clori.musicxml	0	0	0	0.395375							ok	
cpdl_5_voice_string_quartet	169	Veggio sì, dal mio sole		data/cpdl/5-voices/reductions/string_quartet/169_veggio_s_dal_mio_sole.musicxml											source_status_error	data/cpdl/169_veggio_si_dal_mio_sole__01_gesualdo_veggio_si_dal_mio_sole.mxl: reduction failed: Violoncello has overlapping source events near measure 18: p4:e42
cpdl_5_voice_string_quartet	170	Voi volete ch'io mora	data/cpdl/5-voices/sources/170_voi_volete_ch_io_mora__01_gesualdo_voi_volete_ch_io_mora.mxl	data/cpdl/5-voices/reductions/string_quartet/170_voi_volete_ch_io_mora.musicxml	2	2	2	0.396933							ok	
cpdl_5_voice_string_quartet	171	Volan quasi farfalle	data/cpdl/5-voices/sources/171_volan_quasi_farfalle__02_volan_quasi_farfalle_gesualdo.mxl	data/cpdl/5-voices/reductions/string_quartet/171_volan_quasi_farfalle.musicxml	0	1	1	0.425041							ok	
cpdl_5_voice_quartet_plus_viole	2	Ave Regina coelorum	data/cpdl/5-voices/sources/002_ave_regina_coelorum__02_gesualdo_ave_regina_coelorum.mxl	data/cpdl/5-voices/reductions/string_quartet_plus_viole/002_ave_regina_coelorum.musicxml	5	1	1	0.47154							ok	
cpdl_5_voice_quartet_plus_viole	3	Ave, dulcissima Maria	data/cpdl/5-voices/sources/003_ave_dulcissima_maria__02_ave_dulcissima_maria_gesualdo.mxl	data/cpdl/5-voices/reductions/string_quartet_plus_viole/003_ave_dulcissima_maria.musicxml	5	1	1	0.373686							ok	
cpdl_5_voice_quartet_plus_viole	4	Deus refugium et virtus	data/cpdl/5-voices/sources/004_deus_refugium_et_virtus__02_gesualdo_deus_refugium.mxl	data/cpdl/5-voices/reductions/string_quartet_plus_viole/004_deus_refugium_et_virtus.musicxml	4	4	4	0.430235							ok	
cpdl_5_voice_quartet_plus_viole	5	Dignare me	data/cpdl/5-voices/sources/005_dignare_me__02_gesualdo_dignare_me.mxl	data/cpdl/5-voices/reductions/string_quartet_plus_viole/005_dignare_me.musicxml	7	0	0	0.64573							ok	
cpdl_5_voice_quartet_plus_viole	6	Domine ne despicias	data/cpdl/5-voices/sources/006_domine_ne_despicias__02_gesualdo_domine_ne_despicias.mxl	data/cpdl/5-voices/reductions/string_quartet_plus_viole/006_domine_ne_despicias.musicxml	7	1	1	0.601511							ok	
cpdl_5_voice_quartet_plus_viole	7	Exaudi Deus	data/cpdl/5-voices/sources/007_exaudi_deus__02_gesualdo_exaudi_deus.mxl	data/cpdl/5-voices/reductions/string_quartet_plus_viole/007_exaudi_deus.musicxml	5	1	1	0.505664							ok	
cpdl_5_voice_quartet_plus_viole	8	Hei mihi, Domine	data/cpdl/5-voices/sources/008_hei_mihi_domine__02_gesu_hei.mxl	data/cpdl/5-voices/reductions/string_quartet_plus_viole/008_hei_mihi_domine.musicxml	5	1	1	0.492036							ok	
cpdl_5_voice_quartet_plus_viole	9	Illumina faciem tuam	data/cpdl/5-voices/sources/009_illumina_faciem_tuam__02_illumina_faciem_tuam_gesualdo.mxl	data/cpdl/5-voices/reductions/string_quartet_plus_viole/009_illumina_faciem_tuam.musicxml	4	3	3	0.408531							ok	
cpdl_5_voice_quartet_plus_viole	10	Laboravi in gemitu meo	data/cpdl/5-voices/sources/010_laboravi_in_gemitu_meo__02_gesualdo_laboravi.mxl	data/cpdl/5-voices/reductions/string_quartet_plus_viole/010_laboravi_in_gemitu_meo.musicxml	7	0	0	0.550232							ok	
cpdl_5_voice_quartet_plus_viole	11	Maria, mater gratiae	data/cpdl/5-voices/sources/011_maria_mater_gratiae__02_gesualdo_maria_mater_gratiae.mxl	data/cpdl/5-voices/reductions/string_quartet_plus_viole/011_maria_mater_gratiae.musicxml	7	0	0	0.550133							ok	
cpdl_5_voice_quartet_plus_viole	12	O Crux benedicta	data/cpdl/5-voices/sources/012_o_crux_benedicta__02_gesualdo_o_crux_benedicta.mxl	data/cpdl/5-voices/reductions/string_quartet_plus_viole/012_o_crux_benedicta.musicxml	0	0	0	0.38814							ok	
cpdl_5_voice_quartet_plus_viole	13	O vos omnes (1603)		data/cpdl/5-voices/reductions/string_quartet_plus_viole/013_o_vos_omnes_1603.musicxml											source_status_error	data/cpdl/5-voices/sources/013_o_vos_omnes_1603__04_o_vos_omnes_gesualdo.mxl: expected 5 parts, found 7; data/cpdl/5-voices/sources/013_o_vos_omnes_1603__06_ws_gesu_vos.mxl: expected 5 parts, found 7; data/cpdl/5-voices/sources/013_o_vos_omnes_1603__01_gesualdo_ovosomnes.mid: expected 5 parts, found 11; data/cpdl/5-voices/sources/013_o_vos_omnes_1603__03_o_vos_omnes_gesualdo.mid: expected 5 parts, found 6; data/cpdl/5-voices/sources/013_o_vos_omnes_1603__05_ws_gesu_vos.mid: expected 5 parts, found 1; data/cpdl/5-voices/sources/013_o_vos_omnes_1603__02_gesualdo_ovosomnes.mxl: reduction failed: Violin I has overlapping source events near measure 11: p0:e20
cpdl_5_voice_quartet_plus_viole	14	Peccantem me quotidie	data/cpdl/5-voices/sources/014_peccantem_me_quotidie__02_gesualdo_peccantum_me.mxl	data/cpdl/5-voices/reductions/string_quartet_plus_viole/014_peccantem_me_quotidie.musicxml	7	0	0	0.475972							ok	
cpdl_5_voice_quartet_plus_viole	15	Precibus et meritis	data/cpdl/5-voices/sources/015_precibus_et_meritis__02_gesualdo_precibus.mxl	data/cpdl/5-voices/reductions/string_quartet_plus_viole/015_precibus_et_meritis.musicxml	4	4	4	0.392759							ok	
cpdl_5_voice_quartet_plus_viole	16	Reminiscere	data/cpdl/5-voices/sources/016_reminiscere__02_gesualdo_reminiscere.mxl	data/cpdl/5-voices/reductions/string_quartet_plus_viole/016_reminiscere.musicxml	7	0	0	0.498491							ok	
cpdl_5_voice_quartet_plus_viole	17	Sancti Spiritus Domine	data/cpdl/5-voices/sources/017_sancti_spiritus_domine__02_gesualdo_sancti_spiritus_domine.mxl	data/cpdl/5-voices/reductions/string_quartet_plus_viole/017_sancti_spiritus_domine.musicxml	5	2	2	0.441622							ok	
cpdl_5_voice_quartet_plus_viole	18	Tribularer si nescirem	data/cpdl/5-voices/sources/018_tribularer_si_nescirem__02_gesualdo_tribularer19.mxl	data/cpdl/5-voices/reductions/string_quartet_plus_viole/018_tribularer_si_nescirem.musicxml	0	0	0	0.353905							ok	
cpdl_5_voice_quartet_plus_viole	19	Tribulationem et dolorem	data/cpdl/5-voices/sources/019_tribulationem_et_dolorem__02_tribulationem_et_dolorem_gesualdo.mxl	data/cpdl/5-voices/reductions/string_quartet_plus_viole/019_tribulationem_et_dolorem.musicxml	5	1	1	0.434667							ok	
cpdl_5_voice_quartet_plus_viole	20	Venit lumen tuum	data/cpdl/5-voices/sources/020_venit_lumen_tuum__02_gesu_ven.mxl	data/cpdl/5-voices/reductions/string_quartet_plus_viole/020_venit_lumen_tuum.musicxml	3	1	1	0.478791							ok	
cpdl_5_voice_quartet_plus_viole	57	A voi, mentre il mio core	data/cpdl/5-voices/sources/057_a_voi_mentre_il_mio_core__02_a_voi_mentre_il_mio_core_gesualdo.mxl	data/cpdl/5-voices/reductions/string_quartet_plus_viole/057_a_voi_mentre_il_mio_core.musicxml	0	0	0	0.366383							ok	
cpdl_5_voice_quartet_plus_viole	58	Ahi, disperata vita	data/cpdl/5-voices/sources/058_ahi_disperata_vita__01_gesualdo_ahi_disperata_vita.mxl	data/cpdl/5-voices/reductions/string_quartet_plus_viole/058_ahi_disperata_vita.musicxml	5	1	1	0.433583							ok	
cpdl_5_voice_quartet_plus_viole	59	Ahi, dispietata e cruda		data/cpdl/5-voices/reductions/string_quartet_plus_viole/059_ahi_dispietata_e_cruda.musicxml											source_status_error	data/cpdl/5-voices/sources/059_ahi_dispietata_e_cruda__01_gesualdo_ahi_dispietata_e_cruda.mxl: reduction failed: Violin I has overlapping source events near measure 6: p0:e9
cpdl_5_voice_quartet_plus_viole	60	Al mio gioir il ciel si fa sereno	data/cpdl/5-voices/sources/060_al_mio_gioir_il_ciel_si_fa_sereno__02_al_mio_gioir_gesualdo.mxl	data/cpdl/5-voices/reductions/string_quartet_plus_viole/060_al_mio_gioir_il_ciel_si_fa_sereno.musicxml	0	1	1	0.432105							ok	
cpdl_5_voice_quartet_plus_viole	61	All' ombra de gl'allori	data/cpdl/5-voices/sources/061_all_ombra_de_gl_allori__02_gesualdo_all_ombra_de_gl_allori.mxl	data/cpdl/5-voices/reductions/string_quartet_plus_viole/061_all_ombra_de_gl_allori.musicxml	2	1	1	0.383886							ok	
cpdl_5_voice_quartet_plus_viole	62	All'apparir di quelle luci ardenti	data/cpdl/5-voices/sources/062_all_apparir_di_quelle_luci_ardenti__02_gesualdo_all_apparir_di_quelle_luci_ardenti.mxl	data/cpdl/5-voices/reductions/string_quartet_plus_viole/062_all_apparir_di_quelle_luci_ardenti.musicxml	0	1	1	0.326719							ok	
cpdl_5_voice_quartet_plus_viole	63	Alme d'Amor rubelle	data/cpdl/5-voices/sources/063_alme_d_amor_rubelle__02_alme_d_amor_rubelle_gesualdo.mxl	data/cpdl/5-voices/reductions/string_quartet_plus_viole/063_alme_d_amor_rubelle.musicxml	0	0	0	0.400718							ok	
cpdl_5_voice_quartet_plus_viole	64	Amor pace non chero	data/cpdl/5-voices/sources/064_amor_pace_non_chero__01_gesualdo_amor_pace_non_chero.mxl	data/cpdl/5-voices/reductions/string_quartet_plus_viole/064_amor_pace_non_chero.musicxml	0	0	0	0.343175							ok	
cpdl_5_voice_quartet_plus_viole	65	Ancide sol la morte	data/cpdl/5-voices/sources/065_ancide_sol_la_morte__02_ancide_sol_la_morte_gesualdo.mxl	data/cpdl/5-voices/reductions/string_quartet_plus_viole/065_ancide_sol_la_morte.musicxml	0	0	0	0.391363							ok	
cpdl_5_voice_quartet_plus_viole	66	Ancidetemi pur, grievi martiri	data/cpdl/5-voices/sources/066_ancidetemi_pur_grievi_martiri__01_gesualdo_ancidetemi_pur_grievi_martiri.mxl	data/cpdl/5-voices/reductions/string_quartet_plus_viole/066_ancidetemi_pur_grievi_martiri.musicxml	0	0	0	0.349025							ok	
cpdl_5_voice_quartet_plus_viole	67	Ancor che per amarti	data/cpdl/5-voices/sources/067_ancor_che_per_amarti__02_ancor_che_per_amarti_gesualdo.mxl	data/cpdl/5-voices/reductions/string_quartet_plus_viole/067_ancor_che_per_amarti.musicxml	0	0	0	0.315409							ok	
cpdl_5_voice_quartet_plus_viole	68	Arde il mio cor	data/cpdl/5-voices/sources/068_arde_il_mio_cor__02_arde_il_mio_cor_gesualdo.mxl	data/cpdl/5-voices/reductions/string_quartet_plus_viole/068_arde_il_mio_cor.musicxml	0	0	0	0.289656							ok	
cpdl_5_voice_quartet_plus_viole	69	Ardita zanzaretta	data/cpdl/5-voices/sources/069_ardita_zanzaretta__02_ardita_zanzaretta_gesualdo.mxl	data/cpdl/5-voices/reductions/string_quartet_plus_viole/069_ardita_zanzaretta.musicxml	5	1	1	0.352116							ok	
cpdl_5_voice_quartet_plus_viole	70	Ardo per te, mio bene	data/cpdl/5-voices/sources/070_ardo_per_te_mio_bene__02_ardo_per_te_mio_bene_gesualdo.mxl	data/cpdl/5-voices/reductions/string_quartet_plus_viole/070_ardo_per_te_mio_bene.musicxml	3	3	3	0.376154							ok	
cpdl_5_voice_quartet_plus_viole	71	Asciugate i begli occhi	data/cpdl/5-voices/sources/071_asciugate_i_begli_occhi__02_gesu_14asc.mxl	data/cpdl/5-voices/reductions/string_quartet_plus_viole/071_asciugate_i_begli_occhi.musicxml	7	0	0	0.394162							ok	
cpdl_5_voice_quartet_plus_viole	72	Baci soavi e cari	data/cpdl/5-voices/sources/072_baci_soavi_e_cari__02_gesualdo_baci_soavi_e_cari.mxl	data/cpdl/5-voices/reductions/string_quartet_plus_viole/072_baci_soavi_e_cari.musicxml	2	1	1	0.378596							ok	
cpdl_5_voice_quartet_plus_viole	73	Bella Angioletta	data/cpdl/5-voices/sources/073_bella_angioletta__01_gesualdo_bella_angioletta.mxl	data/cpdl/5-voices/reductions/string_quartet_plus_viole/073_bella_angioletta.musicxml	0	0	0	0.28144							ok	
cpdl_5_voice_quartet_plus_viole	74	Beltà poi che t'assenti	data/cpdl/5-voices/sources/074_belta_poi_che_t_assenti__02_belta_poi_che_t_assenti.mxl	data/cpdl/5-voices/reductions/string_quartet_plus_viole/074_belt_poi_che_t_assenti.musicxml	4	1	1	0.444554							ok	
cpdl_5_voice_quartet_plus_viole	75	Candida man qual neve	data/cpdl/5-voices/sources/075_candida_man_qual_neve__02_gesualdo_candida_man_qual_neve.mxl	data/cpdl/5-voices/reductions/string_quartet_plus_viole/075_candida_man_qual_neve.musicxml	0	0	0	0.392938							ok	
cpdl_5_voice_quartet_plus_viole	76	Candido e verde fiore	data/cpdl/5-voices/sources/076_candido_e_verde_fiore__02_candido_e_verde_fiore_gesualdo.mxl	data/cpdl/5-voices/reductions/string_quartet_plus_viole/076_candido_e_verde_fiore.musicxml	0	0	0	0.469333							ok	
cpdl_5_voice_quartet_plus_viole	77	Caro amoroso neo	data/cpdl/5-voices/sources/077_caro_amoroso_neo__01_gesualdo_caro_amoroso_neo.mxl	data/cpdl/5-voices/reductions/string_quartet_plus_viole/077_caro_amoroso_neo.musicxml	0	1	1	0.415884							ok	
cpdl_5_voice_quartet_plus_viole	78	Che fai meco	data/cpdl/5-voices/sources/078_che_fai_meco__02_che_fai_meco_gesualdo.mxl	data/cpdl/5-voices/reductions/string_quartet_plus_viole/078_che_fai_meco.musicxml	2	1	1	0.396607							ok	
cpdl_5_voice_quartet_plus_viole	79	Che sentir deve il petto mio	data/cpdl/5-voices/sources/079_che_sentir_deve_il_petto_mio__01_5_che_sentir_deve.mid	data/cpdl/5-voices/reductions/string_quartet_plus_viole/079_che_sentir_deve_il_petto_mio.musicxml	2	1	1	0.390037							ok	
cpdl_5_voice_quartet_plus_viole	80	Chiaro risplender suole	data/cpdl/5-voices/sources/080_chiaro_risplender_suole__02_chiaro_risplender_suole_gesualdo.mxl	data/cpdl/5-voices/reductions/string_quartet_plus_viole/080_chiaro_risplender_suole.musicxml	0	0	0	0.420238							ok	
cpdl_5_voice_quartet_plus_viole	81	Com'esser può ch'io viva	data/cpdl/5-voices/sources/081_com_esser_puo_ch_io_viva__01_gesualdo_come_esser_puo_ch_io_viva.mxl	data/cpdl/5-voices/reductions/string_quartet_plus_viole/081_com_esser_pu_ch_io_viva.musicxml	2	1	1	0.401084							ok	
cpdl_5_voice_quartet_plus_viole	82	Come vivrai cor mio	data/cpdl/5-voices/sources/082_come_vivrai_cor_mio__02_gesualdo_come_vivrai_cor_mio.mxl	data/cpdl/5-voices/reductions/string_quartet_plus_viole/082_come_vivrai_cor_mio.musicxml	0	0	0	0.394427							ok	
cpdl_5_voice_quartet_plus_viole	83	Cor mio, deh, non piangete	data/cpdl/5-voices/sources/083_cor_mio_deh_non_piangete__02_cor_mio_deh_gesualdo.mxl	data/cpdl/5-voices/reductions/string_quartet_plus_viole/083_cor_mio_deh_non_piangete.musicxml	5	1	1	0.383859							ok	
cpdl_5_voice_quartet_plus_viole	84	Correte, amanti, a prova	data/cpdl/5-voices/sources/084_correte_amanti_a_prova__02_gesu_13cor.mxl	data/cpdl/5-voices/reductions/string_quartet_plus_viole/084_correte_amanti_a_prova.musicxml	0	0	0	0.371605							ok	
cpdl_5_voice_quartet_plus_viole	85	Crudelissima doglia		data/cpdl/5-voices/reductions/string_quartet_plus_viole/085_crudelissima_doglia.musicxml											source_status_error	data/cpdl/5-voices/sources/085_crudelissima_doglia__01_gesualdo_crudelissima_doglia.mxl: reduction failed: Violin II has overlapping source events near measure 13: p1:e36
cpdl_5_voice_quartet_plus_viole	86	Dalle odorate spoglie	data/cpdl/5-voices/sources/086_dalle_odorate_spoglie__02_dalle_odorate_spoglie_gesualdo.mxl	data/cpdl/5-voices/reductions/string_quartet_plus_viole/086_dalle_odorate_spoglie.musicxml	0	0	0	0.403348							ok	
cpdl_5_voice_quartet_plus_viole	87	Deh coprite il bel seno	data/cpdl/5-voices/sources/087_deh_coprite_il_bel_seno__02_gesu_16de.mxl	data/cpdl/5-voices/reductions/string_quartet_plus_viole/087_deh_coprite_il_bel_seno.musicxml	0	0	0	0.374987							ok	
cpdl_5_voice_quartet_plus_viole	88	Deh, come invan sospiro	data/cpdl/5-voices/sources/088_deh_come_invan_sospiro__02_deh_come_invan_gesualdo.mxl	data/cpdl/5-voices/reductions/string_quartet_plus_viole/088_deh_come_invan_sospiro.musicxml	0	0	0	0.328975							ok	
cpdl_5_voice_quartet_plus_viole	89	Deh, se già fu crudele		data/cpdl/5-voices/reductions/string_quartet_plus_viole/089_deh_se_gi_fu_crudele.musicxml											source_status_error	data/cpdl/5-voices/sources/089_deh_se_gia_fu_crudele__01_gesualdo_deh_se_gia_fu_crudele.mxl: reduction failed: Violin I has overlapping source events near measure 18: p0:e45
cpdl_5_voice_quartet_plus_viole	90	Del bel de bei vostri occhi	data/cpdl/5-voices/sources/090_del_bel_de_bei_vostri_occhi__01_gesualdo_del_bel_de_bei_vostri_occhi.mxl	data/cpdl/5-voices/reductions/string_quartet_plus_viole/090_del_bel_de_bei_vostri_occhi.musicxml	0	0	0	0.335929							ok	
cpdl_5_voice_quartet_plus_viole	91	Dolce spirto d'amore	data/cpdl/5-voices/sources/091_dolce_spirto_d_amore__01_gesualdo_dolce_spirto_d_amore.mxl	data/cpdl/5-voices/reductions/string_quartet_plus_viole/091_dolce_spirto_d_amore.musicxml	2	1	1	0.347836							ok	
cpdl_5_voice_quartet_plus_viole	92	Dolcissima mia vita	data/cpdl/5-voices/sources/092_dolcissima_mia_vita__02_dolcissima_mia_vita_gesualdo.mxl	data/cpdl/5-voices/reductions/string_quartet_plus_viole/092_dolcissima_mia_vita.musicxml	2	1	1	0.305266							ok	
cpdl_5_voice_quartet_plus_viole	93	Dolcissimo sospiro	data/cpdl/5-voices/sources/093_dolcissimo_sospiro__01_gesualdo_dolcissimo_sospiro.mxl	data/cpdl/5-voices/reductions/string_quartet_plus_viole/093_dolcissimo_sospiro.musicxml	2	1	1	0.383905							ok	
cpdl_5_voice_quartet_plus_viole	95	Ecco, morirò dunque	data/cpdl/5-voices/sources/095_ecco_moriro_dunque__02_ecco_moriro_dunque_gesualdo.mxl	data/cpdl/5-voices/reductions/string_quartet_plus_viole/095_ecco_morir_dunque.musicxml	0	0	0	0.363037							ok	
cpdl_5_voice_quartet_plus_viole	96	Felice primavera	data/cpdl/5-voices/sources/096_felice_primavera__02_gesualdo_felice_primavera.mxl	data/cpdl/5-voices/reductions/string_quartet_plus_viole/096_felice_primavera.musicxml	2	1	1	0.316454							ok	
cpdl_5_voice_quartet_plus_viole	97	Felicissimo sonno	data/cpdl/5-voices/sources/097_felicissimo_sonno__02_gesu_7fel.mxl	data/cpdl/5-voices/reductions/string_quartet_plus_viole/097_felicissimo_sonno.musicxml	5	1	1	0.394827							ok	
cpdl_5_voice_quartet_plus_viole	98	Gelo ha madonna il seno	data/cpdl/5-voices/sources/098_gelo_ha_madonna_il_seno__01_gesualdo_gelo.mxl	data/cpdl/5-voices/reductions/string_quartet_plus_viole/098_gelo_ha_madonna_il_seno.musicxml	7	0	0	0.471589							ok	
cpdl_5_voice_quartet_plus_viole	99	Gioite voi col canto	data/cpdl/5-voices/sources/099_gioite_voi_col_canto__02_gioite_voi_gesualdo.mxl	data/cpdl/5-voices/reductions/string_quartet_plus_viole/099_gioite_voi_col_canto.musicxml	0	1	1	0.358472							ok	
cpdl_5_voice_quartet_plus_viole	100	Già piansi nel dolore	data/cpdl/5-voices/sources/100_gia_piansi_nel_dolore__02_gia_piansi_nel_dolore_gesualdo.mxl	data/cpdl/5-voices/reductions/string_quartet_plus_viole/100_gi_piansi_nel_dolore.musicxml	2	2	2	0.300306							ok	
cpdl_5_voice_quartet_plus_viole	101	Hai rotto e sciolto e spento	data/cpdl/5-voices/sources/101_hai_rotto_e_sciolto_e_spento__02_hai_rotto_gesualdo.mxl	data/cpdl/5-voices/reductions/string_quartet_plus_viole/101_hai_rotto_e_sciolto_e_spento.musicxml	4	1	1	0.381624							ok	
cpdl_5_voice_quartet_plus_viole	102	In più leggiadro velo	data/cpdl/5-voices/sources/102_in_piu_leggiadro_velo__01_gesualdo_in_piu_leggiadro_velo.mxl	data/cpdl/5-voices/reductions/string_quartet_plus_viole/102_in_pi_leggiadro_velo.musicxml	0	1	1	0.405206							ok	
cpdl_5_voice_quartet_plus_viole	103	Io parto, e non più dissi	data/cpdl/5-voices/sources/103_io_parto_e_non_piu_dissi__02_io_parto_gesualdo.mxl	data/cpdl/5-voices/reductions/string_quartet_plus_viole/103_io_parto_e_non_pi_dissi.musicxml	4	4	4	0.334845							ok	
cpdl_5_voice_quartet_plus_viole	104	Io pur respiro in così gran dolore	data/cpdl/5-voices/sources/104_io_pur_respiro_in_cosi_gran_dolore__02_io_pur_respiro_gesualdo.mxl	data/cpdl/5-voices/reductions/string_quartet_plus_viole/104_io_pur_respiro_in_cos_gran_dolore.musicxml	0	0	0	0.269546							ok	
cpdl_5_voice_quartet_plus_viole	105	Io tacerò	data/cpdl/5-voices/sources/105_io_tacero__02_io_tacero_gesualdo.mxl	data/cpdl/5-voices/reductions/string_quartet_plus_viole/105_io_tacer.musicxml	4	3	3	0.318188							ok	
cpdl_5_voice_quartet_plus_viole	106	Itene o miei sospiri	data/cpdl/5-voices/sources/106_itene_o_miei_sospiri__02_gesu_3ite.mxl	data/cpdl/5-voices/reductions/string_quartet_plus_viole/106_itene_o_miei_sospiri.musicxml	2	1	1	0.356152							ok	
cpdl_5_voice_quartet_plus_viole	107	Languisce al fin chi da la vita parte	data/cpdl/5-voices/sources/107_languisce_al_fin_chi_da_la_vita_parte__02_gesu_10la.mxl	data/cpdl/5-voices/reductions/string_quartet_plus_viole/107_languisce_al_fin_chi_da_la_vita_parte.musicxml	0	0	0	0.386885							ok	
cpdl_5_voice_quartet_plus_viole	108	Languisce e moro, ahi, cruda		data/cpdl/5-voices/reductions/string_quartet_plus_viole/108_languisce_e_moro_ahi_cruda.musicxml											source_status_error	data/cpdl/5-voices/sources/108_languisce_e_moro_ahi_cruda__01_gesualdo_languisce_e_moro_ahi_cruda.mxl: reduction failed: Violin I has overlapping source events near measure 17: p0:e17
cpdl_5_voice_quartet_plus_viole	109	Luci serene e chiare	data/cpdl/5-voices/sources/109_luci_serene_e_chiare__01_gesualdo_luciserene.mxl	data/cpdl/5-voices/reductions/string_quartet_plus_viole/109_luci_serene_e_chiare.musicxml	2	1	1	0.441738							ok	
cpdl_5_voice_quartet_plus_viole	110	Ma se avverrà ch'io moia	data/cpdl/5-voices/sources/110_ma_se_avverra_ch_io_moia__01_8_ma_se_averra.mid	data/cpdl/5-voices/reductions/string_quartet_plus_viole/110_ma_se_avverr_ch_io_moia.musicxml	7	0	0	0.375892							ok	
cpdl_5_voice_quartet_plus_viole	111	Ma se tale ha costei	data/cpdl/5-voices/sources/111_ma_se_tale_ha_costei__01_ma_se_tale_ha_costei.mid	data/cpdl/5-voices/reductions/string_quartet_plus_viole/111_ma_se_tale_ha_costei.musicxml	0	1	1	0.419817							ok	
cpdl_5_voice_quartet_plus_viole	112	Ma tu, cagion di quella atroce pena	data/cpdl/5-voices/sources/112_ma_tu_cagion_di_quella_atroce_pena__02_gesu_18ma.mxl	data/cpdl/5-voices/reductions/string_quartet_plus_viole/112_ma_tu_cagion_di_quella_atroce_pena.musicxml	5	1	1	0.427465							ok	
cpdl_5_voice_quartet_plus_viole	113	Madonna, io ben vorrei	data/cpdl/5-voices/sources/113_madonna_io_ben_vorrei__02_gesualdo_madonna_io_ben_vorrei.mxl	data/cpdl/5-voices/reductions/string_quartet_plus_viole/113_madonna_io_ben_vorrei.musicxml	2	1	1	0.335512							ok	
cpdl_5_voice_quartet_plus_viole	114	Mentre gira costei	data/cpdl/5-voices/sources/114_mentre_gira_costei__02_mentre_gira_costei_gesualdo.mxl	data/cpdl/5-voices/reductions/string_quartet_plus_viole/114_mentre_gira_costei.musicxml	0	0	0	0.360218							ok	
cpdl_5_voice_quartet_plus_viole	115	Mentre madonna il lasso fianco posa	data/cpdl/5-voices/sources/115_mentre_madonna_il_lasso_fianco_posa__02_gesualdo_mentre_madonna_il_lasso_fianco_posa.mxl	data/cpdl/5-voices/reductions/string_quartet_plus_viole/115_mentre_madonna_il_lasso_fianco_posa.musicxml	0	0	0	0.429655							ok	
cpdl_5_voice_quartet_plus_viole	116	Mentre, mia stella, miri	data/cpdl/5-voices/sources/116_mentre_mia_stella_miri__01_gesualdo_mentre_mia_stella_miri.mxl	data/cpdl/5-voices/reductions/string_quartet_plus_viole/116_mentre_mia_stella_miri.musicxml	0	0	0	0.283014							ok	
cpdl_5_voice_quartet_plus_viole	117	Meraviglia d'Amore	data/cpdl/5-voices/sources/117_meraviglia_d_amore__01_gesualdo_meraviglia_d_amore.mxl	data/cpdl/5-voices/reductions/string_quartet_plus_viole/117_meraviglia_d_amore.musicxml	0	0	0	0.324974							ok	
cpdl_5_voice_quartet_plus_viole	118	Mercè grido piangendo	data/cpdl/5-voices/sources/118_merce_grido_piangendo__02_gesu_11me.mxl	data/cpdl/5-voices/reductions/string_quartet_plus_viole/118_merc_grido_piangendo.musicxml	0	0	0	0.327474							ok	
cpdl_5_voice_quartet_plus_viole	119	Mille volte il di	data/cpdl/5-voices/sources/119_mille_volte_il_di__02_mille_volte_il_di_gesualdo.mxl	data/cpdl/5-voices/reductions/string_quartet_plus_viole/119_mille_volte_il_di.musicxml	2	2	2	0.389866							ok	
cpdl_5_voice_quartet_plus_viole	120	Moro, e mentre sospiro	data/cpdl/5-voices/sources/120_moro_e_mentre_sospiro__02_moro_e_mentre_sospiro_gesualdo.mxl	data/cpdl/5-voices/reductions/string_quartet_plus_viole/120_moro_e_mentre_sospiro.musicxml	4	3	3	0.42497							ok	
cpdl_5_voice_quartet_plus_viole	121	Moro, lasso, al mio duolo	data/cpdl/5-voices/sources/121_moro_lasso_al_mio_duolo__02_moro_lasso_gesualdo.mxl	data/cpdl/5-voices/reductions/string_quartet_plus_viole/121_moro_lasso_al_mio_duolo.musicxml	0	0	0	0.337848							ok	
cpdl_5_voice_quartet_plus_viole	123	Non mai non cangerò stato	data/cpdl/5-voices/sources/123_non_mai_non_cangero_stato__02_gesualdo_non_mai_non_cangero.mxl	data/cpdl/5-voices/reductions/string_quartet_plus_viole/123_non_mai_non_canger_stato.musicxml	2	1	1	0.294634							ok	
cpdl_5_voice_quartet_plus_viole	124	Non mi toglia il ben mio	data/cpdl/5-voices/sources/124_non_mi_toglia_il_ben_mio__01_gesualdo_nonmitoglia.mxl	data/cpdl/5-voices/reductions/string_quartet_plus_viole/124_non_mi_toglia_il_ben_mio.musicxml	0	1	1	0.414272							ok	
cpdl_5_voice_quartet_plus_viole	125	Non mirar, non mirare	data/cpdl/5-voices/sources/125_non_mirar_non_mirare__01_gesualdo_non_mirar_non_mirare.mxl	data/cpdl/5-voices/reductions/string_quartet_plus_viole/125_non_mirar_non_mirare.musicxml	5	1	1	0.327315							ok	
cpdl_5_voice_quartet_plus_viole	126	Non t'amo, o voce ingrata		data/cpdl/5-voices/reductions/string_quartet_plus_viole/126_non_t_amo_o_voce_ingrata.musicxml											source_status_error	data/cpdl/5-voices/sources/126_non_t_amo_o_voce_ingrata__01_gesualdo_non_t_amo_o_voce_ingrata.mxl: reduction failed: Violin I has overlapping source events near measure 6: p0:e7
cpdl_5_voice_quartet_plus_viole	127	Non è questa la mano	data/cpdl/5-voices/sources/127_non_e_questa_la_mano__01_gesualdo_non_e_questa_la_mano.mxl	data/cpdl/5-voices/reductions/string_quartet_plus_viole/127_non_questa_la_mano.musicxml	0	0	0	0.279505							ok	
cpdl_5_voice_quartet_plus_viole	128	O com'è gran martire	data/cpdl/5-voices/sources/128_o_com_e_gran_martire__01_gesualdo_o_com_e_gran_martire.mxl	data/cpdl/5-voices/reductions/string_quartet_plus_viole/128_o_com_gran_martire.musicxml	5	1	1	0.409338							ok	
cpdl_5_voice_quartet_plus_viole	129	O dolce mio martire	data/cpdl/5-voices/sources/129_o_dolce_mio_martire__01_gesualdo_o_dolce_mio_martire.mxl	data/cpdl/5-voices/reductions/string_quartet_plus_viole/129_o_dolce_mio_martire.musicxml	5	1	1	0.400899							ok	
cpdl_5_voice_quartet_plus_viole	130	O dolce mio tesoro	data/cpdl/5-voices/sources/130_o_dolce_mio_tesoro__02_o_dolce_mio_tesoro_gesualdo.mxl	data/cpdl/5-voices/reductions/string_quartet_plus_viole/130_o_dolce_mio_tesoro.musicxml	0	0	0	0.331256							ok	
cpdl_5_voice_quartet_plus_viole	131	O dolorosa gioia	data/cpdl/5-voices/sources/131_o_dolorosa_gioia__02_gesu_5odo.mxl	data/cpdl/5-voices/reductions/string_quartet_plus_viole/131_o_dolorosa_gioia.musicxml	4	3	3	0.469075							ok	
cpdl_5_voice_quartet_plus_viole	132	O mal nati messagi	data/cpdl/5-voices/sources/132_o_mal_nati_messagi__02_o_mal_nati_messagi_gesualdo.mxl	data/cpdl/5-voices/reductions/string_quartet_plus_viole/132_o_mal_nati_messagi.musicxml	0	0	0	0.518425							ok	
cpdl_5_voice_quartet_plus_viole	134	O tenebroso giorno	data/cpdl/5-voices/sources/134_o_tenebroso_giorno__02_gesu_19ote.mxl	data/cpdl/5-voices/reductions/string_quartet_plus_viole/134_o_tenebroso_giorno.musicxml	3	3	3	0.419813							ok	
cpdl_5_voice_quartet_plus_viole	135	O voi troppo felici	data/cpdl/5-voices/sources/135_o_voi_troppo_felici__02_gesu_12ovoi.mxl	data/cpdl/5-voices/reductions/string_quartet_plus_viole/135_o_voi_troppo_felici.musicxml	0	0	0	0.29532							ok	
cpdl_5_voice_quartet_plus_viole	136	Occhi del mio cor vita	data/cpdl/5-voices/sources/136_occhi_del_mio_cor_vita__02_gesu_9occhisattb.mxl	data/cpdl/5-voices/reductions/string_quartet_plus_viole/136_occhi_del_mio_cor_vita.musicxml	2	2	2	0.415654							ok	
cpdl_5_voice_quartet_plus_viole	137	Or, che in gioia	data/cpdl/5-voices/sources/137_or_che_in_gioia__02_or_che_in_gioia_gesualdo.mxl	data/cpdl/5-voices/reductions/string_quartet_plus_viole/137_or_che_in_gioia.musicxml	0	1	1	0.362893							ok	
cpdl_5_voice_quartet_plus_viole	138	Poichè l'avida sete	data/cpdl/5-voices/sources/138_poiche_l_avida_sete__02_gesu_17poi.mxl	data/cpdl/5-voices/reductions/string_quartet_plus_viole/138_poich_l_avida_sete.musicxml	5	1	1	0.459088							ok	
cpdl_5_voice_quartet_plus_viole	139	Qual fora, donna	data/cpdl/5-voices/sources/139_qual_fora_donna__02_gesu_6qu.mxl	data/cpdl/5-voices/reductions/string_quartet_plus_viole/139_qual_fora_donna.musicxml	2	1	1	0.38165							ok	
cpdl_5_voice_quartet_plus_viole	140	Quando l'alba novella	data/cpdl/5-voices/sources/140_quando_l_alba_novella__02_gesualdo_quando_l_alba_novella.mxl	data/cpdl/5-voices/reductions/string_quartet_plus_viole/140_quando_l_alba_novella.musicxml	0	1	1	0.323147							ok	
cpdl_5_voice_quartet_plus_viole	141	Quando ridente e bella	data/cpdl/5-voices/sources/141_quando_ridente_e_bella__02_quando_ridente_e_bella_gesualdo.mxl	data/cpdl/5-voices/reductions/string_quartet_plus_viole/141_quando_ridente_e_bella.musicxml	0	1	1	0.364183							ok	
cpdl_5_voice_quartet_plus_viole	143	Quel 'no' crudel che la mia speme ancise	data/cpdl/5-voices/sources/143_quel_no_crudel_che_la_mia_speme_ancise__02_quel_no_crudel_gesualdo.mxl	data/cpdl/5-voices/reductions/string_quartet_plus_viole/143_quel_no_crudel_che_la_mia_speme_ancise.musicxml	0	0	0	0.424324							ok	
cpdl_5_voice_quartet_plus_viole	144	Questa crudele e pia	data/cpdl/5-voices/sources/144_questa_crudele_e_pia__02_questa_crudele_et_pia_gesualdo.mxl	data/cpdl/5-voices/reductions/string_quartet_plus_viole/144_questa_crudele_e_pia.musicxml	2	1	1	0.302753							ok	
cpdl_5_voice_quartet_plus_viole	145	Questi leggiadri odorosetti fiori	data/cpdl/5-voices/sources/145_questi_leggiadri_odorosetti_fiori__02_gesualdo_questi_cpdl.mxl	data/cpdl/5-voices/reductions/string_quartet_plus_viole/145_questi_leggiadri_odorosetti_fiori.musicxml	5	1	1	0.515589							ok	
cpdl_5_voice_quartet_plus_viole	146	Resta di darmi noia	data/cpdl/5-voices/sources/146_resta_di_darmi_noia__02_resta_di_darmi_noia_gesualdo.mxl	data/cpdl/5-voices/reductions/string_quartet_plus_viole/146_resta_di_darmi_noia.musicxml	0	0	0	0.421825							ok	
cpdl_5_voice_quartet_plus_viole	147	S'io non miro non moro	data/cpdl/5-voices/sources/147_s_io_non_miro_non_moro__02_sio_non_miro_gesualdo.mxl	data/cpdl/5-voices/reductions/string_quartet_plus_viole/147_s_io_non_miro_non_moro.musicxml	0	1	1	0.324774							ok	
cpdl_5_voice_quartet_plus_viole	148	Se chiudete nel core	data/cpdl/5-voices/sources/148_se_chiudete_nel_core__02_se_chiudete_nel_core_gesualdo.mxl	data/cpdl/5-voices/reductions/string_quartet_plus_viole/148_se_chiudete_nel_core.musicxml	0	0	0	0.295678							ok	
cpdl_5_voice_quartet_plus_viole	149	Se così dolce è il duolo	data/cpdl/5-voices/sources/149_se_cosi_dolce_e_il_duolo__01_gesualdo_se_cosi_dolce_e_il_duolo.mxl	data/cpdl/5-voices/reductions/string_quartet_plus_viole/149_se_cos_dolce_il_duolo.musicxml	7	0	0	0.428744							ok	
cpdl_5_voice_quartet_plus_viole	150	Se da sì nobil mano	data/cpdl/5-voices/sources/150_se_da_si_nobil_mano__01_gesualdo_se_da_si_nobil_mano.mxl	data/cpdl/5-voices/reductions/string_quartet_plus_viole/150_se_da_s_nobil_mano.musicxml	0	0	0	0.317741							ok	
cpdl_5_voice_quartet_plus_viole	151	Se la mia morte brami	data/cpdl/5-voices/sources/151_se_la_mia_morte_brami__02_gesualdo_se_la_mia_morte_brami.mxl	data/cpdl/5-voices/reductions/string_quartet_plus_viole/151_se_la_mia_morte_brami.musicxml	2	0.939189	1	0.344266							ok	
cpdl_5_voice_quartet_plus_viole	152	Se per lieve ferita	data/cpdl/5-voices/sources/152_se_per_lieve_ferita__02_4_se_per_lieve_ferita.mid	data/cpdl/5-voices/reductions/string_quartet_plus_viole/152_se_per_lieve_ferita.musicxml	2	1	1	0.387315							ok	
cpdl_5_voice_quartet_plus_viole	153	Se piange, ahimè, la donna del mio core	data/cpdl/5-voices/sources/153_se_piange_ahime_la_donna_del_mio_core__01_gesualdo_se_piange_oime_la_donna_del_mio_core.mxl	data/cpdl/5-voices/reductions/string_quartet_plus_viole/153_se_piange_ahim_la_donna_del_mio_core.musicxml	2	1	1	0.324655							ok	
cpdl_5_voice_quartet_plus_viole	154	Se taccio, il duol s'avanza	data/cpdl/5-voices/sources/154_se_taccio_il_duol_s_avanza__02_gesualdo_se_taccio_il_duol_s_avanza.mxl	data/cpdl/5-voices/reductions/string_quartet_plus_viole/154_se_taccio_il_duol_s_avanza.musicxml	5	1	1	0.447781							ok	
cpdl_5_voice_quartet_plus_viole	155	Se tu fuggi	data/cpdl/5-voices/sources/155_se_tu_fuggi__02_gesu_20se.mxl	data/cpdl/5-voices/reductions/string_quartet_plus_viole/155_se_tu_fuggi.musicxml	0	1	1	0.356023							ok	
cpdl_5_voice_quartet_plus_viole	156	Se vi duol il mio duolo	data/cpdl/5-voices/sources/156_se_vi_duol_il_mio_duolo__01_gesu_8se.mid	data/cpdl/5-voices/reductions/string_quartet_plus_viole/156_se_vi_duol_il_mio_duolo.musicxml	5	1	1	0.42437							ok	
cpdl_5_voice_quartet_plus_viole	157	Se vi miro pietosa		data/cpdl/5-voices/reductions/string_quartet_plus_viole/157_se_vi_miro_pietosa.musicxml											source_status_error	data/cpdl/5-voices/sources/157_se_vi_miro_pietosa__01_gesualdo_se_vi_miro_pietosa.mxl: reduction failed: Violin I has overlapping source events near measure 21: p0:e51
cpdl_5_voice_quartet_plus_viole	158	Sento che nel partire	data/cpdl/5-voices/sources/158_sento_che_nel_partire__01_gesualdo_sento_che_nel_partire.mid	data/cpdl/5-voices/reductions/string_quartet_plus_viole/158_sento_che_nel_partire.musicxml	5	1	1	0.501643							ok	
cpdl_5_voice_quartet_plus_viole	159	Son sì belle le rose	data/cpdl/5-voices/sources/159_son_si_belle_le_rose__01_gesualdo_son_si_belle_le_rose.mxl	data/cpdl/5-voices/reductions/string_quartet_plus_viole/159_son_s_belle_le_rose.musicxml	0	0	0	0.296837							ok	
cpdl_5_voice_quartet_plus_viole	160	Sospirava	data/cpdl/5-voices/sources/160_sospirava__02_sospirava_gesualdo.mxl	data/cpdl/5-voices/reductions/string_quartet_plus_viole/160_sospirava.musicxml	0	0	0	0.341163							ok	
cpdl_5_voice_quartet_plus_viole	161	Sparge la morte	data/cpdl/5-voices/sources/161_sparge_la_morte__02_sparge_la_morte_gesualdo.mxl	data/cpdl/5-voices/reductions/string_quartet_plus_viole/161_sparge_la_morte.musicxml	7	1	1	0.371178							ok	
cpdl_5_voice_quartet_plus_viole	162	Sì gioioso mi fanno i dolor miei	data/cpdl/5-voices/sources/162_si_gioioso_mi_fanno_i_dolor_miei__01_gesualdo_si_gioioso_mi_fanno_i_dolor_miei.mxl	data/cpdl/5-voices/reductions/string_quartet_plus_viole/162_s_gioioso_mi_fanno_i_dolor_miei.musicxml	5	1	1	0.39074							ok	
cpdl_5_voice_quartet_plus_viole	163	T'amo, mia vita	data/cpdl/5-voices/sources/163_t_amo_mia_vita__02_t_amo_mia_vita_gesualdo.mxl	data/cpdl/5-voices/reductions/string_quartet_plus_viole/163_t_amo_mia_vita.musicxml	2	1	1	0.369438							ok	
cpdl_5_voice_quartet_plus_viole	164	Tall'or sano desio	data/cpdl/5-voices/sources/164_tall_or_sano_desio__02_tall_or_sano_desio_gesualdo.mxl	data/cpdl/5-voices/reductions/string_quartet_plus_viole/164_tall_or_sano_desio.musicxml	0	1	1	0.39423							ok	
cpdl_5_voice_quartet_plus_viole	165	Tirsi morir volea	data/cpdl/5-voices/sources/165_tirsi_morir_volea__03_gesualdo_tirsi_morir_volea.mxl	data/cpdl/5-voices/reductions/string_quartet_plus_viole/165_tirsi_morir_volea.musicxml	3	3	3	0.371359							ok	
cpdl_5_voice_quartet_plus_viole	166	Tu m'uccidi, o crudele	data/cpdl/5-voices/sources/166_tu_m_uccidi_o_crudele__04_gesu_15tu.mxl	data/cpdl/5-voices/reductions/string_quartet_plus_viole/166_tu_m_uccidi_o_crudele.musicxml	3	3	3	0.353137							ok	
cpdl_5_voice_quartet_plus_viole	167	Tu piangi, o Filli mia	data/cpdl/5-voices/sources/167_tu_piangi_o_filli_mia__02_tu_piangi_o_filli_mia_gesualdo.mxl	data/cpdl/5-voices/reductions/string_quartet_plus_viole/167_tu_piangi_o_filli_mia.musicxml	2	1	1	0.345929							ok	
cpdl_5_voice_quartet_plus_viole	168	Tu segui, o bella Clori	data/cpdl/5-voices/sources/168_tu_segui_o_bella_clori__02_tu_segui_o_bella_clori_gesualdo.mxl	data/cpdl/5-voices/reductions/string_quartet_plus_viole/168_tu_segui_o_bella_clori.musicxml	2	2	2	0.368598							ok	
cpdl_5_voice_quartet_plus_viole	169	Veggio sì, dal mio sole		data/cpdl/5-voices/reductions/string_quartet_plus_viole/169_veggio_s_dal_mio_sole.musicxml											source_status_error	data/cpdl/5-voices/sources/169_veggio_si_dal_mio_sole__01_gesualdo_veggio_si_dal_mio_sole.mxl: reduction failed: Violin II has overlapping source events near measure 22: p1:e55
cpdl_5_voice_quartet_plus_viole	170	Voi volete ch'io mora	data/cpdl/5-voices/sources/170_voi_volete_ch_io_mora__01_gesualdo_voi_volete_ch_io_mora.mxl	data/cpdl/5-voices/reductions/string_quartet_plus_viole/170_voi_volete_ch_io_mora.musicxml	4	4	4	0.587434							ok	
cpdl_5_voice_quartet_plus_viole	171	Volan quasi farfalle	data/cpdl/5-voices/sources/171_volan_quasi_farfalle__02_volan_quasi_farfalle_gesualdo.mxl	data/cpdl/5-voices/reductions/string_quartet_plus_viole/171_volan_quasi_farfalle.musicxml	0	1	1	0.478399							ok	
cpdl_6_voice_string_quartet	21	Ad te levavi animam meam	data/cpdl/6-voices/sources/021_ad_te_levavi_animam_meam__02_17_ad_te_levavi_animam_meam.mxl	data/cpdl/6-voices/reductions/string_quartet/021_ad_te_levavi_animam_meam.musicxml	-1		0	0.409979							no_key_signature_data	
cpdl_6_voice_string_quartet	22	Adoramus te Christe	data/cpdl/6-voices/sources/022_adoramus_te_christe__01_10_adoramus_te_christe.mxl	data/cpdl/6-voices/reductions/string_quartet/022_adoramus_te_christe.musicxml	2		0	0.34256							no_key_signature_data	
cpdl_6_voice_string_quartet	23	Aestimatus sum	data/cpdl/6-voices/sources/023_aestimatus_sum__02_aestimatus_sum_gesualdo.mxl	data/cpdl/6-voices/reductions/string_quartet/023_aestimatus_sum.musicxml	2	2	2	0.48739							ok	
cpdl_6_voice_string_quartet	24	Ardens est cor meum	data/cpdl/6-voices/sources/024_ardens_est_cor_meum__01_14_ardens_est_cor_meum.mxl	data/cpdl/6-voices/reductions/string_quartet/024_ardens_est_cor_meum.musicxml	2		0	0.330036							no_key_signature_data	
cpdl_6_voice_string_quartet	25	Assumpta est Maria	data/cpdl/6-voices/sources/025_assumpta_est_maria__02_12_assumpta_est_maria.mxl	data/cpdl/6-voices/reductions/string_quartet/025_assumpta_est_maria.musicxml	2	0.959184	1	0.492765							ok	
cpdl_6_voice_string_quartet	26	Astiterunt reges terrae	data/cpdl/6-voices/sources/026_astiterunt_reges_terrae__02_astiterunt_reges_gesualdo.mxl	data/cpdl/6-voices/reductions/string_quartet/026_astiterunt_reges_terrae.musicxml	2	2	2	0.358729							ok	
cpdl_6_voice_string_quartet	27	Ave sanctissima	data/cpdl/6-voices/sources/027_ave_sanctissima__02_04_ave_sanctissima.mxl	data/cpdl/6-voices/reductions/string_quartet/027_ave_sanctissima.musicxml	2	1	1	0.376681							ok	
cpdl_6_voice_string_quartet	28	Da pacem Domine	data/cpdl/6-voices/sources/028_da_pacem_domine__02_02_da_pacem_domine.mxl	data/cpdl/6-voices/reductions/string_quartet/028_da_pacem_domine.musicxml	2	2	2	0.392221							ok	
cpdl_6_voice_string_quartet	29	Discedite a me	data/cpdl/6-voices/sources/029_discedite_a_me__01_06_discedite_a_me.mxl	data/cpdl/6-voices/reductions/string_quartet/029_discedite_a_me.musicxml	2	2	2	0.391865							ok	
cpdl_6_voice_string_quartet	30	Domine Deus	data/cpdl/6-voices/sources/030_domine_deus__02_15_domine_deus.mxl	data/cpdl/6-voices/reductions/string_quartet/030_domine_deus.musicxml	4		0	0.435485							no_key_signature_data	
cpdl_6_voice_string_quartet	31	Ecce quomodo moritur justus	data/cpdl/6-voices/sources/031_ecce_quomodo_moritur_justus__02_ecce_quomodo_gesualdo.mxl	data/cpdl/6-voices/reductions/string_quartet/031_ecce_quomodo_moritur_justus.musicxml	0	0	0	0.320995							ok	
cpdl_6_voice_string_quartet	32	Ecce vidimus eum	data/cpdl/6-voices/sources/032_ecce_vidimus_eum__01_gesualdo_ecce_vidimus.mxl	data/cpdl/6-voices/reductions/string_quartet/032_ecce_vidimus_eum.musicxml	7	1	1	0.388069							ok	
cpdl_6_voice_string_quartet	33	Franciscus humilis	data/cpdl/6-voices/sources/033_franciscus_humilis__01_18_franciscus_humilis.mxl	data/cpdl/6-voices/reductions/string_quartet/033_franciscus_humilis.musicxml	2	1	1	0.374715							ok	
cpdl_6_voice_string_quartet	34	Gaudeamus omnes	data/cpdl/6-voices/sources/034_gaudeamus_omnes__01_07_gaudeamus_omnes.mxl	data/cpdl/6-voices/reductions/string_quartet/034_gaudeamus_omnes.musicxml	0	0	0	0.264122							ok	
cpdl_6_voice_string_quartet	35	In monte Oliveti	data/cpdl/6-voices/sources/035_in_monte_oliveti__01_in_monte_oliveti_gesualdo.mxl	data/cpdl/6-voices/reductions/string_quartet/035_in_monte_oliveti.musicxml	0	0	0	0.612145							ok	
cpdl_6_voice_string_quartet	36	Jerusalem, surge	data/cpdl/6-voices/sources/036_jerusalem_surge__01_tenebrae2.mid	data/cpdl/6-voices/reductions/string_quartet/036_jerusalem_surge.musicxml	5	1	1	0.414206							ok	
cpdl_6_voice_string_quartet	37	O anima sanctissima	data/cpdl/6-voices/sources/037_o_anima_sanctissima__01_19_o_anima_sanctissima.mxl	data/cpdl/6-voices/reductions/string_quartet/037_o_anima_sanctissima.musicxml	2	1	1	0.401635							ok	
cpdl_6_voice_string_quartet	38	O Beata Mater	data/cpdl/6-voices/sources/038_o_beata_mater__02_16_o_beata_mater.mxl	data/cpdl/6-voices/reductions/string_quartet/038_o_beata_mater.musicxml	0		0	0.360914							no_key_signature_data	
cpdl_6_voice_string_quartet	39	O Oriens	data/cpdl/6-voices/sources/039_o_oriens__02_05_o_oriens.mxl	data/cpdl/6-voices/reductions/string_quartet/039_o_oriens.musicxml	2	1.5	2	0.366916							ok	
cpdl_6_voice_string_quartet	40	O sacrum convivium	data/cpdl/6-voices/sources/040_o_sacrum_convivium__02_09_o_sacrum_convivium.mxl	data/cpdl/6-voices/reductions/string_quartet/040_o_sacrum_convivium.musicxml	2		0	0.403984							no_key_signature_data	
cpdl_6_voice_string_quartet	41	O vos omnes (1611)	data/cpdl/6-voices/sources/041_o_vos_omnes_1611__01_gesualdo_o_vos_omnes_a_6.mxl	data/cpdl/6-voices/reductions/string_quartet/041_o_vos_omnes_1611.musicxml	7	1	1	0.598831							ok	
cpdl_6_voice_string_quartet	42	Plange quasi virgo	data/cpdl/6-voices/sources/042_plange_quasi_virgo__02_plange_quasi_virgo_gesualdo_tr.mxl	data/cpdl/6-voices/reductions/string_quartet/042_plange_quasi_virgo.musicxml	2	1	1	0.421288							ok	
cpdl_6_voice_string_quartet	43	Recessit pastor noster	data/cpdl/6-voices/sources/043_recessit_pastor_noster__01_recessit_pastor_gesualdo.mid	data/cpdl/6-voices/reductions/string_quartet/043_recessit_pastor_noster.musicxml	2	2	2	0.402198							ok	
cpdl_6_voice_string_quartet	44	Sana me Domine	data/cpdl/6-voices/sources/044_sana_me_domine__02_03_sana_me_domine.mxl	data/cpdl/6-voices/reductions/string_quartet/044_sana_me_domine.musicxml	2	0.956897	1	0.376322							ok	
cpdl_6_voice_string_quartet	45	Sepulto Domino	data/cpdl/6-voices/sources/045_sepulto_domino__02_sepulto_domino_gesualdo.mxl	data/cpdl/6-voices/reductions/string_quartet/045_sepulto_domino.musicxml	3	3	3	0.384105							ok	
cpdl_6_voice_string_quartet	46	Sicut ovis ad occisionem	data/cpdl/6-voices/sources/046_sicut_ovis_ad_occisionem__02_sicut_ovis_gesualdo.mxl	data/cpdl/6-voices/reductions/string_quartet/046_sicut_ovis_ad_occisionem.musicxml	2	2	2	0.397086							ok	
cpdl_6_voice_string_quartet	50	Tenebræ factæ sunt	data/cpdl/6-voices/sources/050_tenebr_fact_sunt__01_gesualdo_tenebrae_factae_sunt.mxl	data/cpdl/6-voices/reductions/string_quartet/050_tenebr_fact_sunt.musicxml	7	0.00699301	1	0.577435							ok	
cpdl_6_voice_string_quartet	51	Tristis est anima mea	data/cpdl/6-voices/sources/051_tristis_est_anima_mea__01_tristis_est_anima_mea_2_2_original_key.mxl	data/cpdl/6-voices/reductions/string_quartet/051_tristis_est_anima_mea.musicxml	3	3	3	0.338486							ok	
cpdl_6_voice_string_quartet	52	Veni Creator Spiritus, reple	data/cpdl/6-voices/sources/052_veni_creator_spiritus_reple__02_08_veni_creator_spiritus.mxl	data/cpdl/6-voices/reductions/string_quartet/052_veni_creator_spiritus_reple.musicxml	0	1	1	0.356387							ok	
cpdl_6_voice_string_quartet	53	Veni sponsa Christi	data/cpdl/6-voices/sources/053_veni_sponsa_christi__01_11_veni_sponsa_christi.mxl	data/cpdl/6-voices/reductions/string_quartet/053_veni_sponsa_christi.musicxml	2	1	1	0.376437							ok	
cpdl_6_voice_string_quartet	54	Verba mea	data/cpdl/6-voices/sources/054_verba_mea__02_13_verba_mea.mxl	data/cpdl/6-voices/reductions/string_quartet/054_verba_mea.musicxml	2		0	0.419055							no_key_signature_data	
cpdl_6_voice_string_quartet	55	Virgo benedicta	data/cpdl/6-voices/sources/055_virgo_benedicta__01_01_virgo_benedicta.mxl	data/cpdl/6-voices/reductions/string_quartet/055_virgo_benedicta.musicxml	2	2	2	0.428441							ok	
cpdl_6_voice_string_quartet	172	Donna, se m'ancidete	data/cpdl/6-voices/sources/172_donna_se_m_ancidete__01_gesualdo_donna_se_m_ancidete.mxl	data/cpdl/6-voices/reductions/string_quartet/172_donna_se_m_ancidete.musicxml	0	1	1	0.352206							ok	
cpdl_6_voice_string_quartet	173	Il sol, qual or più splende	data/cpdl/6-voices/sources/173_il_sol_qual_or_piu_splende__01_il_sol_qual_or_piu_splende.mxl	data/cpdl/6-voices/reductions/string_quartet/173_il_sol_qual_or_pi_splende.musicxml	0	0	0	0.295755							ok	
