book	title	source_path	quartet_musicxml	quartet_mp3	direct_url
IV	1. Luci serena e chiare	data/kdf/book4/sources/book4_01_luci_serena_e_chiare.mid	data/kdf/book4/reductions/string_quartet/book4_01_luci_serena_e_chiare.musicxml	data/kdf/book4/renders/string_quartet_mp3/book4_01_luci_serena_e_chiare.mp3	https://kunstderfuge.com/-/mid.files/2/gesualdo_iv_libro_madrigali_1_(c)icking-archive.mid
IV	2. Tallor sano desio	data/kdf/book4/sources/book4_02_tallor_sano_desio.mid	data/kdf/book4/reductions/string_quartet/book4_02_tallor_sano_desio.musicxml	data/kdf/book4/renders/string_quartet_mp3/book4_02_tallor_sano_desio.mp3	https://kunstderfuge.com/-/mid.files/2/gesualdo_iv_libro_madrigali_2_(c)icking-archive.mid
IV	3-4. Io Tacerò	data/kdf/book4/sources/book4_03-04_io_tacero.mid	data/kdf/book4/reductions/string_quartet/book4_03-04_io_tacero.musicxml	data/kdf/book4/renders/string_quartet_mp3/book4_03-04_io_tacero.mp3	https://kunstderfuge.com/-/mid.files/2/gesualdo_iv_libro_madrigali_3-4_(c)icking-archive.mid
IV	5. Che fai meco	data/kdf/book4/sources/book4_05_che_fai_meco.mid	data/kdf/book4/reductions/string_quartet/book4_05_che_fai_meco.musicxml	data/kdf/book4/renders/string_quartet_mp3/book4_05_che_fai_meco.mp3	https://kunstderfuge.com/-/mid.files/2/gesualdo_iv_libro_madrigali_5_(c)icking-archive.mid
IV	6. Questa crudele et pia	data/kdf/book4/sources/book4_06_questa_crudele_et_pia.mid	data/kdf/book4/reductions/string_quartet/book4_06_questa_crudele_et_pia.musicxml	data/kdf/book4/renders/string_quartet_mp3/book4_06_questa_crudele_et_pia.mp3	https://kunstderfuge.com/-/mid.files/2/gesualdo_iv_libro_madrigali_6_(c)icking-archive.mid
IV	7-8. Or che in gioia	data/kdf/book4/sources/book4_07-08_or_che_in_gioia.mid	data/kdf/book4/reductions/string_quartet/book4_07-08_or_che_in_gioia.musicxml	data/kdf/book4/renders/string_quartet_mp3/book4_07-08_or_che_in_gioia.mp3	https://kunstderfuge.com/-/mid.files/2/gesualdo_iv_libro_madrigali_7-8_(c)icking-archive.mid
IV	9-10. Cor mio, deh, non piangete	data/kdf/book4/sources/book4_09-10_cor_mio_deh_non_piangete.mid	data/kdf/book4/reductions/string_quartet/book4_09-10_cor_mio_deh_non_piangete.musicxml	data/kdf/book4/renders/string_quartet_mp3/book4_09-10_cor_mio_deh_non_piangete.mp3	https://kunstderfuge.com/-/mid.files/2/gesualdo_iv_libro_madrigali_9-10_(c)icking-archive.mid
IV	11. Sparge la morte	data/kdf/book4/sources/book4_11_sparge_la_morte.mid	data/kdf/book4/reductions/string_quartet/book4_11_sparge_la_morte.musicxml	data/kdf/book4/renders/string_quartet_mp3/book4_11_sparge_la_morte.mp3	https://kunstderfuge.com/-/mid.files/2/gesualdo_iv_libro_madrigali_11_(c)icking-archive.mid
IV	12-13. Moro, e mentre sospiro	data/kdf/book4/sources/book4_12-13_moro_e_mentre_sospiro.mid	data/kdf/book4/reductions/string_quartet/book4_12-13_moro_e_mentre_sospiro.musicxml	data/kdf/book4/renders/string_quartet_mp3/book4_12-13_moro_e_mentre_sospiro.mp3	https://kunstderfuge.com/-/mid.files/2/gesualdo_iv_libro_madrigali_12-13_(c)icking-archive.mid
IV	14. Mentre gira costei	data/kdf/book4/sources/book4_14_mentre_gira_costei.mid	data/kdf/book4/reductions/string_quartet/book4_14_mentre_gira_costei.musicxml	data/kdf/book4/renders/string_quartet_mp3/book4_14_mentre_gira_costei.mp3	https://kunstderfuge.com/-/mid.files/2/gesualdo_iv_libro_madrigali_14_(c)icking-archive.mid
IV	15. A voi, mentre il mio core	data/kdf/book4/sources/book4_15_a_voi_mentre_il_mio_core.mid	data/kdf/book4/reductions/string_quartet/book4_15_a_voi_mentre_il_mio_core.musicxml	data/kdf/book4/renders/string_quartet_mp3/book4_15_a_voi_mentre_il_mio_core.mp3	https://kunstderfuge.com/-/mid.files/2/gesualdo_iv_libro_madrigali_15_(c)icking-archive.mid
IV	16-17. Ecco, morirò dunque	data/kdf/book4/sources/book4_16-17_ecco_moriro_dunque.mid	data/kdf/book4/reductions/string_quartet/book4_16-17_ecco_moriro_dunque.musicxml	data/kdf/book4/renders/string_quartet_mp3/book4_16-17_ecco_moriro_dunque.mp3	https://kunstderfuge.com/-/mid.files/2/gesualdo_iv_libro_madrigali_16-17_(c)icking-archive.mid
IV	18. Arde il mio cor	data/kdf/book4/sources/book4_18_arde_il_mio_cor.mid	data/kdf/book4/reductions/string_quartet/book4_18_arde_il_mio_cor.musicxml	data/kdf/book4/renders/string_quartet_mp3/book4_18_arde_il_mio_cor.mp3	https://kunstderfuge.com/-/mid.files/2/gesualdo_iv_libro_madrigali_18_(c)icking-archive.mid
IV	19. Se chiudete nel core	data/kdf/book4/sources/book4_19_se_chiudete_nel_core.mid	data/kdf/book4/reductions/string_quartet/book4_19_se_chiudete_nel_core.musicxml	data/kdf/book4/renders/string_quartet_mp3/book4_19_se_chiudete_nel_core.mp3	https://kunstderfuge.com/-/mid.files/2/gesualdo_iv_libro_madrigali_19_(c)icking-archive.mid
VI	1. Se la mia morte brami	data/kdf/book6/sources/book6_01_se_la_mia_morte_brami.mid	data/kdf/book6/reductions/string_quartet/book6_01_se_la_mia_morte_brami.musicxml	data/kdf/book6/renders/string_quartet_mp3/book6_01_se_la_mia_morte_brami.mp3	https://kunstderfuge.com/-/mid.files/2/gesualdo_vi_libro_madrigali_1_(c)icking-archive.mid
VI	2. Beltà poi che tassenti	data/kdf/book6/sources/book6_02_belta_poi_che_tassenti.mid	data/kdf/book6/reductions/string_quartet/book6_02_belta_poi_che_tassenti.musicxml	data/kdf/book6/renders/string_quartet_mp3/book6_02_belta_poi_che_tassenti.mp3	https://kunstderfuge.com/-/mid.files/2/gesualdo_vi_libro_madrigali_2_(c)icking-archive.mid
VI	3. Tu piangi, o filli mia	data/kdf/book6/sources/book6_03_tu_piangi_o_filli_mia.mid	data/kdf/book6/reductions/string_quartet/book6_03_tu_piangi_o_filli_mia.musicxml	data/kdf/book6/renders/string_quartet_mp3/book6_03_tu_piangi_o_filli_mia.mp3	https://kunstderfuge.com/-/mid.files/2/gesualdo_vi_libro_madrigali_3_(c)icking-archive.mid
VI	4. Resta di darmi noia	data/kdf/book6/sources/book6_04_resta_di_darmi_noia.mid	data/kdf/book6/reductions/string_quartet/book6_04_resta_di_darmi_noia.musicxml	data/kdf/book6/renders/string_quartet_mp3/book6_04_resta_di_darmi_noia.mp3	https://kunstderfuge.com/-/mid.files/2/gesualdo_vi_libro_madrigali_4_(c)icking-archive.mid
VI	5. Chiaro risplender suole	data/kdf/book6/sources/book6_05_chiaro_risplender_suole.mid	data/kdf/book6/reductions/string_quartet/book6_05_chiaro_risplender_suole.musicxml	data/kdf/book6/renders/string_quartet_mp3/book6_05_chiaro_risplender_suole.mp3	https://kunstderfuge.com/-/mid.files/2/gesualdo_vi_libro_madrigali_5_(c)icking-archive.mid
VI	6. Io parto e non più dissi	data/kdf/book6/sources/book6_06_io_parto_e_non_piu_dissi.mid	data/kdf/book6/reductions/string_quartet/book6_06_io_parto_e_non_piu_dissi.musicxml	data/kdf/book6/renders/string_quartet_mp3/book6_06_io_parto_e_non_piu_dissi.mp3	https://kunstderfuge.com/-/mid.files/2/gesualdo_vi_libro_madrigali_6_(c)icking-archive.mid
VI	7. Mille volte il di	data/kdf/book6/sources/book6_07_mille_volte_il_di.mid	data/kdf/book6/reductions/string_quartet/book6_07_mille_volte_il_di.musicxml	data/kdf/book6/renders/string_quartet_mp3/book6_07_mille_volte_il_di.mp3	https://kunstderfuge.com/-/mid.files/2/gesualdo_vi_libro_madrigali_7_(c)icking-archive.mid
VI	8. O Dolce mio tesoro	data/kdf/book6/sources/book6_08_o_dolce_mio_tesoro.mid	data/kdf/book6/reductions/string_quartet/book6_08_o_dolce_mio_tesoro.musicxml	data/kdf/book6/renders/string_quartet_mp3/book6_08_o_dolce_mio_tesoro.mp3	https://kunstderfuge.com/-/mid.files/2/gesualdo_vi_libro_madrigali_8_(c)icking-archive.mid
VI	9. Deh, come invan sospiro	data/kdf/book6/sources/book6_09_deh_come_invan_sospiro.mid	data/kdf/book6/reductions/string_quartet/book6_09_deh_come_invan_sospiro.musicxml	data/kdf/book6/renders/string_quartet_mp3/book6_09_deh_come_invan_sospiro.mp3	https://kunstderfuge.com/-/mid.files/2/gesualdo_vi_libro_madrigali_9_(c)icking-archive.mid
VI	10.  Io pur respiro in così gran dolore	data/kdf/book6/sources/book6_10_io_pur_respiro_in_cosi_gran_dolore.mid	data/kdf/book6/reductions/string_quartet/book6_10_io_pur_respiro_in_cosi_gran_dolore.musicxml	data/kdf/book6/renders/string_quartet_mp3/book6_10_io_pur_respiro_in_cosi_gran_dolore.mp3	https://kunstderfuge.com/-/mid.files/2/gesualdo_vi_libro_madrigali_10_(c)icking-archive.mid
VI	11. Alme dAmor rubelle	data/kdf/book6/sources/book6_11_alme_damor_rubelle.mid	data/kdf/book6/reductions/string_quartet/book6_11_alme_damor_rubelle.musicxml	data/kdf/book6/renders/string_quartet_mp3/book6_11_alme_damor_rubelle.mp3	https://kunstderfuge.com/-/mid.files/2/gesualdo_vi_libro_madrigali_11_(c)icking-archive.mid
VI	12. Càndido e verde fiore	data/kdf/book6/sources/book6_12_candido_e_verde_fiore.mid	data/kdf/book6/reductions/string_quartet/book6_12_candido_e_verde_fiore.musicxml	data/kdf/book6/renders/string_quartet_mp3/book6_12_candido_e_verde_fiore.mp3	https://kunstderfuge.com/-/mid.files/2/gesualdo_vi_libro_madrigali_12_(c)icking-archive.mid
VI	13. Ardita Zanzaretta	data/kdf/book6/sources/book6_13_ardita_zanzaretta.mid	data/kdf/book6/reductions/string_quartet/book6_13_ardita_zanzaretta.musicxml	data/kdf/book6/renders/string_quartet_mp3/book6_13_ardita_zanzaretta.mp3	https://kunstderfuge.com/-/mid.files/2/gesualdo_vi_libro_madrigali_13_(c)icking-archive.mid
VI	14. Ardo per te, mio bene	data/kdf/book6/sources/book6_14_ardo_per_te_mio_bene.mid	data/kdf/book6/reductions/string_quartet/book6_14_ardo_per_te_mio_bene.musicxml	data/kdf/book6/renders/string_quartet_mp3/book6_14_ardo_per_te_mio_bene.mp3	https://kunstderfuge.com/-/mid.files/2/gesualdo_vi_libro_madrigali_14_(c)icking-archive.mid
VI	15. Ancide sol la morte	data/kdf/book6/sources/book6_15_ancide_sol_la_morte.mid	data/kdf/book6/reductions/string_quartet/book6_15_ancide_sol_la_morte.musicxml	data/kdf/book6/renders/string_quartet_mp3/book6_15_ancide_sol_la_morte.mp3	https://kunstderfuge.com/-/mid.files/2/gesualdo_vi_libro_madrigali_15_(c)icking-archive.mid
VI	16. Quel no crudel que la mia speme ancise	data/kdf/book6/sources/book6_16_quel_no_crudel_que_la_mia_speme_ancise.mid	data/kdf/book6/reductions/string_quartet/book6_16_quel_no_crudel_que_la_mia_speme_ancise.musicxml	data/kdf/book6/renders/string_quartet_mp3/book6_16_quel_no_crudel_que_la_mia_speme_ancise.mp3	https://kunstderfuge.com/-/mid.files/2/gesualdo_vi_libro_madrigali_16_(c)icking-archive.mid
VI	17. Moro, lasso, al mio duolo	data/kdf/book6/sources/book6_17_moro_lasso_al_mio_duolo.mid	data/kdf/book6/reductions/string_quartet/book6_17_moro_lasso_al_mio_duolo.musicxml	data/kdf/book6/renders/string_quartet_mp3/book6_17_moro_lasso_al_mio_duolo.mp3	https://kunstderfuge.com/-/mid.files/2/gesualdo_vi_libro_madrigali_17_(c)icking-archive.mid
VI	18. Volan quasi farfalle	data/kdf/book6/sources/book6_18_volan_quasi_farfalle.mid	data/kdf/book6/reductions/string_quartet/book6_18_volan_quasi_farfalle.musicxml	data/kdf/book6/renders/string_quartet_mp3/book6_18_volan_quasi_farfalle.mp3	https://kunstderfuge.com/-/mid.files/2/gesualdo_vi_libro_madrigali_18_(c)icking-archive.mid
VI	19. Al mio gioir il ciel si fa sereno	data/kdf/book6/sources/book6_19_al_mio_gioir_il_ciel_si_fa_sereno.mid	data/kdf/book6/reductions/string_quartet/book6_19_al_mio_gioir_il_ciel_si_fa_sereno.musicxml	data/kdf/book6/renders/string_quartet_mp3/book6_19_al_mio_gioir_il_ciel_si_fa_sereno.mp3	https://kunstderfuge.com/-/mid.files/2/gesualdo_vi_libro_madrigali_19_(c)icking-archive.mid
VI	20. Tu segui, o bella Clori	data/kdf/book6/sources/book6_20_tu_segui_o_bella_clori.mid	data/kdf/book6/reductions/string_quartet/book6_20_tu_segui_o_bella_clori.musicxml	data/kdf/book6/renders/string_quartet_mp3/book6_20_tu_segui_o_bella_clori.mp3	https://kunstderfuge.com/-/mid.files/2/gesualdo_vi_libro_madrigali_20_(c)icking-archive.mid
VI	21. Ancor che per amarti	data/kdf/book6/sources/book6_21_ancor_che_per_amarti.mid	data/kdf/book6/reductions/string_quartet/book6_21_ancor_che_per_amarti.musicxml	data/kdf/book6/renders/string_quartet_mp3/book6_21_ancor_che_per_amarti.mp3	https://kunstderfuge.com/-/mid.files/2/gesualdo_vi_libro_madrigali_21_(c)icking-archive.mid
VI	22. Già piansi nel dolore	data/kdf/book6/sources/book6_22_gia_piansi_nel_dolore.mid	data/kdf/book6/reductions/string_quartet/book6_22_gia_piansi_nel_dolore.musicxml	data/kdf/book6/renders/string_quartet_mp3/book6_22_gia_piansi_nel_dolore.mp3	https://kunstderfuge.com/-/mid.files/2/gesualdo_vi_libro_madrigali_22_(c)icking-archive.mid
VI	23. Quando ridente e bella	data/kdf/book6/sources/book6_23_quando_ridente_e_bella.mid	data/kdf/book6/reductions/string_quartet/book6_23_quando_ridente_e_bella.musicxml	data/kdf/book6/renders/string_quartet_mp3/book6_23_quando_ridente_e_bella.mp3	https://kunstderfuge.com/-/mid.files/2/gesualdo_vi_libro_madrigali_23_(c)icking-archive.mid
