book	title	filename	parts	duration_quarters	status	output	reduced_parts	measures_per_part	voice_order_map	sweetspot_map	changed_from_voice_order	octave_adjusted_notes	traced_notes	error
IV	1. Luci serena e chiare	gesualdo_iv_libro_madrigali_1_(c)icking-archive.mid	5	344.0	ok	gesualdo_iv_libro_madrigali_1_(c)icking-archive_quartet_plus_viole_sweetspot.musicxml	5	86,86,86,86,86	vln1=0;vln2=1;vda=2;vla=3;vc=4	vln1=0;vln2=1;vda=2;vla=3;vc=4	false	738	844	
IV	2. Tallor sano desio	gesualdo_iv_libro_madrigali_2_(c)icking-archive.mid	5	292.0	ok	gesualdo_iv_libro_madrigali_2_(c)icking-archive_quartet_plus_viole_sweetspot.musicxml	5	73,73,73,73,73	vln1=0;vln2=1;vda=2;vla=3;vc=4	vln1=0;vln2=1;vda=2;vla=3;vc=4	false	522	582	
IV	3-4. Io Tacerò	gesualdo_iv_libro_madrigali_3-4_(c)icking-archive.mid	5	552.0	ok	gesualdo_iv_libro_madrigali_3-4_(c)icking-archive_quartet_plus_viole_sweetspot.musicxml	5	138,138,138,138,138	vln1=0;vln2=1;vda=2;vla=3;vc=4	vln1=0;vln2=1;vda=2;vla=3;vc=4	false	830	881	
IV	5. Che fai meco	gesualdo_iv_libro_madrigali_5_(c)icking-archive.mid	5	220.0	ok	gesualdo_iv_libro_madrigali_5_(c)icking-archive_quartet_plus_viole_sweetspot.musicxml	5	55,55,55,55,55	vln1=0;vln2=1;vda=2;vla=3;vc=4	vln1=0;vln2=1;vda=2;vla=3;vc=4	false	407	489	
IV	6. Questa crudele et pia	gesualdo_iv_libro_madrigali_6_(c)icking-archive.mid	5	308.0	ok	gesualdo_iv_libro_madrigali_6_(c)icking-archive_quartet_plus_viole_sweetspot.musicxml	5	77,77,77,77,77	vln1=0;vln2=1;vda=2;vla=3;vc=4	vln1=0;vln2=1;vda=2;vla=3;vc=4	false	542	612	
IV	7-8. Or che in gioia	gesualdo_iv_libro_madrigali_7-8_(c)icking-archive.mid	5	334.0	ok	gesualdo_iv_libro_madrigali_7-8_(c)icking-archive_quartet_plus_viole_sweetspot.musicxml	5	85,85,85,85,85	vln1=0;vln2=1;vda=2;vla=3;vc=4	vln1=0;vln2=1;vda=2;vla=3;vc=4	false	640	733	
IV	9-10. Cor mio, deh, non piangete	gesualdo_iv_libro_madrigali_9-10_(c)icking-archive.mid	5	404.0	ok	gesualdo_iv_libro_madrigali_9-10_(c)icking-archive_quartet_plus_viole_sweetspot.musicxml	5	101,101,101,101,101	vln1=0;vln2=1;vda=2;vla=3;vc=4	vln1=0;vln2=1;vda=2;vla=3;vc=4	false	720	772	
IV	11. Sparge la morte	gesualdo_iv_libro_madrigali_11_(c)icking-archive.mid	5	460.0	ok	gesualdo_iv_libro_madrigali_11_(c)icking-archive_quartet_plus_viole_sweetspot.musicxml	5	115,115,115,115,115	vln1=0;vln2=1;vda=2;vla=3;vc=4	vln1=0;vln2=1;vda=2;vla=3;vc=4	false	657	690	
IV	12-13. Moro, e mentre sospiro	gesualdo_iv_libro_madrigali_12-13_(c)icking-archive.mid	5	308.0	ok	gesualdo_iv_libro_madrigali_12-13_(c)icking-archive_quartet_plus_viole_sweetspot.musicxml	5	77,77,77,77,77	vln1=0;vln2=1;vda=2;vla=3;vc=4	vln1=0;vln2=1;vda=2;vla=3;vc=4	false	744	784	
IV	14. Mentre gira costei	gesualdo_iv_libro_madrigali_14_(c)icking-archive.mid	5	228.0	ok	gesualdo_iv_libro_madrigali_14_(c)icking-archive_quartet_plus_viole_sweetspot.musicxml	5	57,57,57,57,57	vln1=0;vln2=1;vda=2;vla=3;vc=4	vln1=0;vln2=1;vda=2;vla=3;vc=4	false	711	818	
IV	15. A voi, mentre il mio core	gesualdo_iv_libro_madrigali_15_(c)icking-archive.mid	5	236.0	ok	gesualdo_iv_libro_madrigali_15_(c)icking-archive_quartet_plus_viole_sweetspot.musicxml	5	59,59,59,59,59	vln1=0;vln2=1;vda=2;vla=3;vc=4	vln1=0;vln2=1;vda=2;vla=3;vc=4	false	567	616	
IV	16-17. Ecco, morirò dunque	gesualdo_iv_libro_madrigali_16-17_(c)icking-archive.mid	5	320.0	ok	gesualdo_iv_libro_madrigali_16-17_(c)icking-archive_quartet_plus_viole_sweetspot.musicxml	5	80,80,80,80,80	vln1=0;vln2=1;vda=2;vla=3;vc=4	vln1=0;vln2=1;vda=2;vla=3;vc=4	false	592	659	
IV	18. Arde il mio cor	gesualdo_iv_libro_madrigali_18_(c)icking-archive.mid	5	224.0	ok	gesualdo_iv_libro_madrigali_18_(c)icking-archive_quartet_plus_viole_sweetspot.musicxml	5	56,56,56,56,56	vln1=0;vln2=1;vda=2;vla=3;vc=4	vln1=0;vln2=1;vda=2;vla=3;vc=4	false	493	553	
IV	19. Se chiudete nel core	gesualdo_iv_libro_madrigali_19_(c)icking-archive.mid	5	212.0	ok	gesualdo_iv_libro_madrigali_19_(c)icking-archive_quartet_plus_viole_sweetspot.musicxml	5	53,53,53,53,53	vln1=0;vln2=1;vda=2;vla=3;vc=4	vln1=0;vln2=1;vda=2;vla=3;vc=4	false	512	596	
VI	1. Se la mia morte brami	gesualdo_vi_libro_madrigali_1_(c)icking-archive.mid	5	392.0	ok	gesualdo_vi_libro_madrigali_1_(c)icking-archive_quartet_plus_viole_sweetspot.musicxml	5	98,98,98,98,98	vln1=0;vln2=1;vda=2;vla=3;vc=4	vln1=0;vln2=1;vda=2;vla=3;vc=4	false	695	761	
VI	2. Beltà poi che tassenti	gesualdo_vi_libro_madrigali_2_(c)icking-archive.mid	5	328.0	ok	gesualdo_vi_libro_madrigali_2_(c)icking-archive_quartet_plus_viole_sweetspot.musicxml	5	82,82,82,82,82	vln1=0;vln2=1;vda=2;vla=3;vc=4	vln1=0;vln2=1;vda=2;vla=3;vc=4	false	581	647	
VI	3. Tu piangi, o filli mia	gesualdo_vi_libro_madrigali_3_(c)icking-archive.mid	5	320.0	ok	gesualdo_vi_libro_madrigali_3_(c)icking-archive_quartet_plus_viole_sweetspot.musicxml	5	80,80,80,80,80	vln1=0;vln2=1;vda=2;vla=3;vc=4	vln1=0;vln2=1;vda=2;vla=3;vc=4	false	1047	1168	
VI	4. Resta di darmi noia	gesualdo_vi_libro_madrigali_4_(c)icking-archive.mid	5	296.0	ok	gesualdo_vi_libro_madrigali_4_(c)icking-archive_quartet_plus_viole_sweetspot.musicxml	5	74,74,74,74,74	vln1=0;vln2=1;vda=2;vla=3;vc=4	vln1=0;vln2=1;vda=2;vla=3;vc=4	false	559	605	
VI	5. Chiaro risplender suole	gesualdo_vi_libro_madrigali_5_(c)icking-archive.mid	5	384.0	ok	gesualdo_vi_libro_madrigali_5_(c)icking-archive_quartet_plus_viole_sweetspot.musicxml	5	96,96,96,96,96	vln1=0;vln2=1;vda=2;vla=3;vc=4	vln1=0;vln2=1;vda=2;vla=3;vc=4	false	789	901	
VI	6. Io parto e non più dissi	gesualdo_vi_libro_madrigali_6_(c)icking-archive.mid	5	296.0	ok	gesualdo_vi_libro_madrigali_6_(c)icking-archive_quartet_plus_viole_sweetspot.musicxml	5	74,74,74,74,74	vln1=0;vln2=1;vda=2;vla=3;vc=4	vln1=0;vln2=1;vda=2;vla=3;vc=4	false	568	601	
VI	7. Mille volte il di	gesualdo_vi_libro_madrigali_7_(c)icking-archive.mid	5	328.0	ok	gesualdo_vi_libro_madrigali_7_(c)icking-archive_quartet_plus_viole_sweetspot.musicxml	5	82,82,82,82,82	vln1=0;vln2=1;vda=2;vla=3;vc=4	vln1=0;vln2=1;vda=2;vla=3;vc=4	false	527	561	
VI	8. O Dolce mio tesoro	gesualdo_vi_libro_madrigali_8_(c)icking-archive.mid	5	280.0	ok	gesualdo_vi_libro_madrigali_8_(c)icking-archive_quartet_plus_viole_sweetspot.musicxml	5	70,70,70,70,70	vln1=0;vln2=1;vda=2;vla=3;vc=4	vln1=0;vln2=1;vda=2;vla=3;vc=4	false	606	699	
VI	9. Deh, come invan sospiro	gesualdo_vi_libro_madrigali_9_(c)icking-archive.mid	5	292.0	ok	gesualdo_vi_libro_madrigali_9_(c)icking-archive_quartet_plus_viole_sweetspot.musicxml	5	73,73,73,73,73	vln1=0;vln2=1;vda=2;vla=3;vc=4	vln1=0;vln2=1;vda=2;vla=3;vc=4	false	468	536	
VI	10.  Io pur respiro in così gran dolore	gesualdo_vi_libro_madrigali_10_(c)icking-archive.mid	5	264.0	ok	gesualdo_vi_libro_madrigali_10_(c)icking-archive_quartet_plus_viole_sweetspot.musicxml	5	66,66,66,66,66	vln1=0;vln2=1;vda=2;vla=3;vc=4	vln1=0;vln2=1;vda=2;vla=3;vc=4	false	570	634	
VI	11. Alme dAmor rubelle	gesualdo_vi_libro_madrigali_11_(c)icking-archive.mid	5	196.0	ok	gesualdo_vi_libro_madrigali_11_(c)icking-archive_quartet_plus_viole_sweetspot.musicxml	5	49,49,49,49,49	vln1=0;vln2=1;vda=2;vla=3;vc=4	vln1=0;vln2=1;vda=2;vla=3;vc=4	false	637	712	
VI	12. Càndido e verde fiore	gesualdo_vi_libro_madrigali_12_(c)icking-archive.mid	5	200.0	ok	gesualdo_vi_libro_madrigali_12_(c)icking-archive_quartet_plus_viole_sweetspot.musicxml	5	50,50,50,50,50	vln1=0;vln2=1;vda=2;vla=3;vc=4	vln1=0;vln2=1;vda=2;vla=3;vc=4	false	571	624	
VI	13. Ardita Zanzaretta	gesualdo_vi_libro_madrigali_13_(c)icking-archive.mid	5	300.0	ok	gesualdo_vi_libro_madrigali_13_(c)icking-archive_quartet_plus_viole_sweetspot.musicxml	5	75,75,75,75,75	vln1=0;vln2=1;vda=2;vla=3;vc=4	vln1=0;vln2=1;vda=2;vla=3;vc=4	false	641	702	
VI	14. Ardo per te, mio bene	gesualdo_vi_libro_madrigali_14_(c)icking-archive.mid	5	328.0	ok	gesualdo_vi_libro_madrigali_14_(c)icking-archive_quartet_plus_viole_sweetspot.musicxml	5	82,82,82,82,82	vln1=0;vln2=1;vda=2;vla=3;vc=4	vln1=0;vln2=1;vda=2;vla=3;vc=4	false	917	989	
VI	15. Ancide sol la morte	gesualdo_vi_libro_madrigali_15_(c)icking-archive.mid	5	240.0	ok	gesualdo_vi_libro_madrigali_15_(c)icking-archive_quartet_plus_viole_sweetspot.musicxml	5	60,60,60,60,60	vln1=0;vln2=1;vda=2;vla=3;vc=4	vln1=0;vln2=1;vda=2;vla=3;vc=4	false	640	718	
VI	16. Quel no crudel que la mia speme ancise	gesualdo_vi_libro_madrigali_16_(c)icking-archive.mid	5	244.0	ok	gesualdo_vi_libro_madrigali_16_(c)icking-archive_quartet_plus_viole_sweetspot.musicxml	5	61,61,61,61,61	vln1=0;vln2=1;vda=2;vla=3;vc=4	vln1=0;vln2=1;vda=2;vla=3;vc=4	false	668	750	
VI	17. Moro, lasso, al mio duolo	gesualdo_vi_libro_madrigali_17_(c)icking-archive.mid	5	344.0	ok	gesualdo_vi_libro_madrigali_17_(c)icking-archive_quartet_plus_viole_sweetspot.musicxml	5	86,86,86,86,86	vln1=0;vln2=1;vda=2;vla=3;vc=4	vln1=0;vln2=1;vda=2;vla=3;vc=4	false	682	764	
VI	18. Volan quasi farfalle	gesualdo_vi_libro_madrigali_18_(c)icking-archive.mid	5	288.0	ok	gesualdo_vi_libro_madrigali_18_(c)icking-archive_quartet_plus_viole_sweetspot.musicxml	5	72,72,72,72,72	vln1=0;vln2=1;vda=3;vla=2;vc=4	vln1=0;vln2=1;vda=3;vla=2;vc=4	false	1124	1226	
VI	19. Al mio gioir il ciel si fa sereno	gesualdo_vi_libro_madrigali_19_(c)icking-archive.mid	5	249.0	ok	gesualdo_vi_libro_madrigali_19_(c)icking-archive_quartet_plus_viole_sweetspot.musicxml	5	63,63,63,63,63	vln1=0;vln2=1;vda=2;vla=3;vc=4	vln1=0;vln2=1;vda=2;vla=3;vc=4	false	943	1034	
VI	20. Tu segui, o bella Clori	gesualdo_vi_libro_madrigali_20_(c)icking-archive.mid	5	236.0	ok	gesualdo_vi_libro_madrigali_20_(c)icking-archive_quartet_plus_viole_sweetspot.musicxml	5	59,59,59,59,59	vln1=0;vln2=1;vda=2;vla=3;vc=4	vln1=0;vln2=1;vda=2;vla=3;vc=4	false	570	626	
VI	21. Ancor che per amarti	gesualdo_vi_libro_madrigali_21_(c)icking-archive.mid	5	336.0	ok	gesualdo_vi_libro_madrigali_21_(c)icking-archive_quartet_plus_viole_sweetspot.musicxml	5	84,84,84,84,84	vln1=0;vln2=1;vda=2;vla=3;vc=4	vln1=0;vln2=1;vda=2;vla=3;vc=4	false	849	906	
VI	22. Già piansi nel dolore	gesualdo_vi_libro_madrigali_22_(c)icking-archive.mid	5	230.0	ok	gesualdo_vi_libro_madrigali_22_(c)icking-archive_quartet_plus_viole_sweetspot.musicxml	5	58,58,58,58,58	vln1=0;vln2=1;vda=2;vla=3;vc=4	vln1=0;vln2=1;vda=2;vla=3;vc=4	false	637	712	
VI	23. Quando ridente e bella	gesualdo_vi_libro_madrigali_23_(c)icking-archive.mid	5	253.0	ok	gesualdo_vi_libro_madrigali_23_(c)icking-archive_quartet_plus_viole_sweetspot.musicxml	5	64,64,64,64,64	vln1=0;vln2=1;vda=2;vla=3;vc=4	vln1=0;vln2=1;vda=2;vla=3;vc=4	false	1023	1161	
