book	title	filename	parts	duration_quarters	chosen_semitones	transposition_score	mode	status	output	reduced_parts	measures_per_part	error
IV	1. Luci serena e chiare	data/kdf/book4/sources/book4_01_luci_serena_e_chiare.mid	5	344.0	0	0.398621	string_quartet	ok	data/kdf/book4/reductions/string_quartet/book4_01_luci_serena_e_chiare.musicxml	4	86,86,86,86	none
IV	2. Tallor sano desio	data/kdf/book4/sources/book4_02_tallor_sano_desio.mid	5	292.0	0	0.404268	string_quartet	ok	data/kdf/book4/reductions/string_quartet/book4_02_tallor_sano_desio.musicxml	4	73,73,73,73	none
IV	3-4. Io Tacerò	data/kdf/book4/sources/book4_03-04_io_tacero.mid	5	552.0	2	0.509071	string_quartet	ok	data/kdf/book4/reductions/string_quartet/book4_03-04_io_tacero.musicxml	4	138,138,138,138	none
IV	5. Che fai meco	data/kdf/book4/sources/book4_05_che_fai_meco.mid	5	220.0	2	0.41914	string_quartet	ok	data/kdf/book4/reductions/string_quartet/book4_05_che_fai_meco.musicxml	4	55,55,55,55	none
IV	6. Questa crudele et pia	data/kdf/book4/sources/book4_06_questa_crudele_et_pia.mid	5	308.0	0	0.326589	string_quartet	ok	data/kdf/book4/reductions/string_quartet/book4_06_questa_crudele_et_pia.musicxml	4	77,77,77,77	none
IV	7-8. Or che in gioia	data/kdf/book4/sources/book4_07-08_or_che_in_gioia.mid	5	334.0	0	0.367761	string_quartet	ok	data/kdf/book4/reductions/string_quartet/book4_07-08_or_che_in_gioia.musicxml	4	85,85,85,85	none
IV	9-10. Cor mio, deh, non piangete	data/kdf/book4/sources/book4_09-10_cor_mio_deh_non_piangete.mid	5	404.0	0	0.44595	string_quartet	ok	data/kdf/book4/reductions/string_quartet/book4_09-10_cor_mio_deh_non_piangete.musicxml	4	101,101,101,101	none
IV	11. Sparge la morte	data/kdf/book4/sources/book4_11_sparge_la_morte.mid	5	460.0	5	0.379715	string_quartet	ok	data/kdf/book4/reductions/string_quartet/book4_11_sparge_la_morte.musicxml	4	115,115,115,115	none
IV	12-13. Moro, e mentre sospiro	data/kdf/book4/sources/book4_12-13_moro_e_mentre_sospiro.mid	5	308.0	2	0.493598	string_quartet	ok	data/kdf/book4/reductions/string_quartet/book4_12-13_moro_e_mentre_sospiro.musicxml	4	77,77,77,77	none
IV	14. Mentre gira costei	data/kdf/book4/sources/book4_14_mentre_gira_costei.mid	5	228.0	0	0.354195	string_quartet	ok	data/kdf/book4/reductions/string_quartet/book4_14_mentre_gira_costei.musicxml	4	57,57,57,57	none
IV	15. A voi, mentre il mio core	data/kdf/book4/sources/book4_15_a_voi_mentre_il_mio_core.mid	5	236.0	0	0.342575	string_quartet	ok	data/kdf/book4/reductions/string_quartet/book4_15_a_voi_mentre_il_mio_core.musicxml	4	59,59,59,59	none
IV	16-17. Ecco, morirò dunque	data/kdf/book4/sources/book4_16-17_ecco_moriro_dunque.mid	5	320.0	0	0.341776	string_quartet	ok	data/kdf/book4/reductions/string_quartet/book4_16-17_ecco_moriro_dunque.musicxml	4	80,80,80,80	none
IV	18. Arde il mio cor	data/kdf/book4/sources/book4_18_arde_il_mio_cor.mid	5	224.0	0	0.270176	string_quartet	ok	data/kdf/book4/reductions/string_quartet/book4_18_arde_il_mio_cor.musicxml	4	56,56,56,56	none
IV	19. Se chiudete nel core	data/kdf/book4/sources/book4_19_se_chiudete_nel_core.mid	5	212.0	0	0.306730	string_quartet	ok	data/kdf/book4/reductions/string_quartet/book4_19_se_chiudete_nel_core.musicxml	4	53,53,53,53	none
VI	1. Se la mia morte brami	data/kdf/book6/sources/book6_01_se_la_mia_morte_brami.mid	5	392.0	0	0.326959	string_quartet	ok	data/kdf/book6/reductions/string_quartet/book6_01_se_la_mia_morte_brami.musicxml	4	98,98,98,98	none
VI	2. Beltà poi che tassenti	data/kdf/book6/sources/book6_02_belta_poi_che_tassenti.mid	5	328.0	0	0.411626	string_quartet	ok	data/kdf/book6/reductions/string_quartet/book6_02_belta_poi_che_tassenti.musicxml	4	82,82,82,82	none
VI	3. Tu piangi, o filli mia	data/kdf/book6/sources/book6_03_tu_piangi_o_filli_mia.mid	5	320.0	0	0.394706	string_quartet	ok	data/kdf/book6/reductions/string_quartet/book6_03_tu_piangi_o_filli_mia.musicxml	4	80,80,80,80	none
VI	4. Resta di darmi noia	data/kdf/book6/sources/book6_04_resta_di_darmi_noia.mid	5	296.0	0	0.487886	string_quartet	ok	data/kdf/book6/reductions/string_quartet/book6_04_resta_di_darmi_noia.musicxml	4	74,74,74,74	none
VI	5. Chiaro risplender suole	data/kdf/book6/sources/book6_05_chiaro_risplender_suole.mid	5	384.0	0	0.329151	string_quartet	ok	data/kdf/book6/reductions/string_quartet/book6_05_chiaro_risplender_suole.musicxml	4	96,96,96,96	none
VI	6. Io parto e non più dissi	data/kdf/book6/sources/book6_06_io_parto_e_non_piu_dissi.mid	5	296.0	0	0.405896	string_quartet	ok	data/kdf/book6/reductions/string_quartet/book6_06_io_parto_e_non_piu_dissi.musicxml	4	74,74,74,74	none
VI	7. Mille volte il di	data/kdf/book6/sources/book6_07_mille_volte_il_di.mid	5	328.0	2	0.378196	string_quartet	ok	data/kdf/book6/reductions/string_quartet/book6_07_mille_volte_il_di.musicxml	4	82,82,82,82	none
VI	8. O Dolce mio tesoro	data/kdf/book6/sources/book6_08_o_dolce_mio_tesoro.mid	5	280.0	0	0.342774	string_quartet	ok	data/kdf/book6/reductions/string_quartet/book6_08_o_dolce_mio_tesoro.musicxml	4	70,70,70,70	none
VI	9. Deh, come invan sospiro	data/kdf/book6/sources/book6_09_deh_come_invan_sospiro.mid	5	292.0	0	0.306834	string_quartet	ok	data/kdf/book6/reductions/string_quartet/book6_09_deh_come_invan_sospiro.musicxml	4	73,73,73,73	none
VI	10.  Io pur respiro in così gran dolore	data/kdf/book6/sources/book6_10_io_pur_respiro_in_cosi_gran_dolore.mid	5	264.0	0	0.280893	string_quartet	ok	data/kdf/book6/reductions/string_quartet/book6_10_io_pur_respiro_in_cosi_gran_dolore.musicxml	4	66,66,66,66	none
VI	11. Alme dAmor rubelle	data/kdf/book6/sources/book6_11_alme_damor_rubelle.mid	5	196.0	0	0.415759	string_quartet	ok	data/kdf/book6/reductions/string_quartet/book6_11_alme_damor_rubelle.musicxml	4	49,49,49,49	none
VI	12. Càndido e verde fiore	data/kdf/book6/sources/book6_12_candido_e_verde_fiore.mid	5	200.0	0	0.392127	string_quartet	ok	data/kdf/book6/reductions/string_quartet/book6_12_candido_e_verde_fiore.musicxml	4	50,50,50,50	none
VI	13. Ardita Zanzaretta	data/kdf/book6/sources/book6_13_ardita_zanzaretta.mid	5	300.0	0	0.370269	string_quartet	ok	data/kdf/book6/reductions/string_quartet/book6_13_ardita_zanzaretta.musicxml	4	75,75,75,75	none
VI	14. Ardo per te, mio bene	data/kdf/book6/sources/book6_14_ardo_per_te_mio_bene.mid	5	328.0	2	0.406867	string_quartet	ok	data/kdf/book6/reductions/string_quartet/book6_14_ardo_per_te_mio_bene.musicxml	4	82,82,82,82	none
VI	15. Ancide sol la morte	data/kdf/book6/sources/book6_15_ancide_sol_la_morte.mid	5	240.0	0	0.377753	string_quartet	ok	data/kdf/book6/reductions/string_quartet/book6_15_ancide_sol_la_morte.musicxml	4	60,60,60,60	none
VI	16. Quel no crudel que la mia speme ancise	data/kdf/book6/sources/book6_16_quel_no_crudel_que_la_mia_speme_ancise.mid	5	244.0	0	0.394022	string_quartet	ok	data/kdf/book6/reductions/string_quartet/book6_16_quel_no_crudel_que_la_mia_speme_ancise.musicxml	4	61,61,61,61	none
VI	17. Moro, lasso, al mio duolo	data/kdf/book6/sources/book6_17_moro_lasso_al_mio_duolo.mid	5	344.0	0	0.295460	string_quartet	ok	data/kdf/book6/reductions/string_quartet/book6_17_moro_lasso_al_mio_duolo.musicxml	4	86,86,86,86	none
VI	18. Volan quasi farfalle	data/kdf/book6/sources/book6_18_volan_quasi_farfalle.mid	5	288.0	0	0.425041	string_quartet	ok	data/kdf/book6/reductions/string_quartet/book6_18_volan_quasi_farfalle.musicxml	4	72,72,72,72	none
VI	19. Al mio gioir il ciel si fa sereno	data/kdf/book6/sources/book6_19_al_mio_gioir_il_ciel_si_fa_sereno.mid	5	249.0	0	0.381181	string_quartet	ok	data/kdf/book6/reductions/string_quartet/book6_19_al_mio_gioir_il_ciel_si_fa_sereno.musicxml	4	63,63,63,63	none
VI	20. Tu segui, o bella Clori	data/kdf/book6/sources/book6_20_tu_segui_o_bella_clori.mid	5	236.0	0	0.431175	string_quartet	ok	data/kdf/book6/reductions/string_quartet/book6_20_tu_segui_o_bella_clori.musicxml	4	59,59,59,59	none
VI	21. Ancor che per amarti	data/kdf/book6/sources/book6_21_ancor_che_per_amarti.mid	5	336.0	0	0.297434	string_quartet	ok	data/kdf/book6/reductions/string_quartet/book6_21_ancor_che_per_amarti.musicxml	4	84,84,84,84	none
VI	22. Già piansi nel dolore	data/kdf/book6/sources/book6_22_gia_piansi_nel_dolore.mid	5	230.0	0	0.331850	string_quartet	ok	data/kdf/book6/reductions/string_quartet/book6_22_gia_piansi_nel_dolore.musicxml	4	58,58,58,58	none
VI	23. Quando ridente e bella	data/kdf/book6/sources/book6_23_quando_ridente_e_bella.mid	5	253.0	-3	0.408685	string_quartet	ok	data/kdf/book6/reductions/string_quartet/book6_23_quando_ridente_e_bella.musicxml	4	64,64,64,64	none
