work_index	section	work_title	target	source_path	source_format	source_parts	output_path	global_transposition	status	error
2	Sacred works for five voices	Ave Regina coelorum	string_quartet_plus_viole	data/cpdl/5-voices/sources/002_ave_regina_coelorum__02_gesualdo_ave_regina_coelorum.mxl	mxl	5	data/cpdl/5-voices/reductions/string_quartet_plus_viole/002_ave_regina_coelorum.musicxml	5	ok	
3	Sacred works for five voices	Ave, dulcissima Maria	string_quartet_plus_viole	data/cpdl/5-voices/sources/003_ave_dulcissima_maria__02_ave_dulcissima_maria_gesualdo.mxl	mxl	5	data/cpdl/5-voices/reductions/string_quartet_plus_viole/003_ave_dulcissima_maria.musicxml	5	ok	
4	Sacred works for five voices	Deus refugium et virtus	string_quartet_plus_viole	data/cpdl/5-voices/sources/004_deus_refugium_et_virtus__02_gesualdo_deus_refugium.mxl	mxl	5	data/cpdl/5-voices/reductions/string_quartet_plus_viole/004_deus_refugium_et_virtus.musicxml	4	ok	
5	Sacred works for five voices	Dignare me	string_quartet_plus_viole	data/cpdl/5-voices/sources/005_dignare_me__02_gesualdo_dignare_me.mxl	mxl	5	data/cpdl/5-voices/reductions/string_quartet_plus_viole/005_dignare_me.musicxml	7	ok	
6	Sacred works for five voices	Domine ne despicias	string_quartet_plus_viole	data/cpdl/5-voices/sources/006_domine_ne_despicias__02_gesualdo_domine_ne_despicias.mxl	mxl	5	data/cpdl/5-voices/reductions/string_quartet_plus_viole/006_domine_ne_despicias.musicxml	7	ok	
7	Sacred works for five voices	Exaudi Deus	string_quartet_plus_viole	data/cpdl/5-voices/sources/007_exaudi_deus__02_gesualdo_exaudi_deus.mxl	mxl	5	data/cpdl/5-voices/reductions/string_quartet_plus_viole/007_exaudi_deus.musicxml	5	ok	
8	Sacred works for five voices	Hei mihi, Domine	string_quartet_plus_viole	data/cpdl/5-voices/sources/008_hei_mihi_domine__02_gesu_hei.mxl	mxl	5	data/cpdl/5-voices/reductions/string_quartet_plus_viole/008_hei_mihi_domine.musicxml	5	ok	
9	Sacred works for five voices	Illumina faciem tuam	string_quartet_plus_viole	data/cpdl/5-voices/sources/009_illumina_faciem_tuam__02_illumina_faciem_tuam_gesualdo.mxl	mxl	5	data/cpdl/5-voices/reductions/string_quartet_plus_viole/009_illumina_faciem_tuam.musicxml	4	ok	
10	Sacred works for five voices	Laboravi in gemitu meo	string_quartet_plus_viole	data/cpdl/5-voices/sources/010_laboravi_in_gemitu_meo__02_gesualdo_laboravi.mxl	mxl	5	data/cpdl/5-voices/reductions/string_quartet_plus_viole/010_laboravi_in_gemitu_meo.musicxml	7	ok	
11	Sacred works for five voices	Maria, mater gratiae	string_quartet_plus_viole	data/cpdl/5-voices/sources/011_maria_mater_gratiae__02_gesualdo_maria_mater_gratiae.mxl	mxl	5	data/cpdl/5-voices/reductions/string_quartet_plus_viole/011_maria_mater_gratiae.musicxml	7	ok	
12	Sacred works for five voices	O Crux benedicta	string_quartet_plus_viole	data/cpdl/5-voices/sources/012_o_crux_benedicta__02_gesualdo_o_crux_benedicta.mxl	mxl	5	data/cpdl/5-voices/reductions/string_quartet_plus_viole/012_o_crux_benedicta.musicxml	0	ok	
13	Sacred works for five voices	O vos omnes (1603)	string_quartet_plus_viole				data/cpdl/5-voices/reductions/string_quartet_plus_viole/013_o_vos_omnes_1603.musicxml		error	data/cpdl/5-voices/sources/013_o_vos_omnes_1603__04_o_vos_omnes_gesualdo.mxl: expected 5 parts, found 7; data/cpdl/5-voices/sources/013_o_vos_omnes_1603__06_ws_gesu_vos.mxl: expected 5 parts, found 7; data/cpdl/5-voices/sources/013_o_vos_omnes_1603__01_gesualdo_ovosomnes.mid: expected 5 parts, found 11; data/cpdl/5-voices/sources/013_o_vos_omnes_1603__03_o_vos_omnes_gesualdo.mid: expected 5 parts, found 6; data/cpdl/5-voices/sources/013_o_vos_omnes_1603__05_ws_gesu_vos.mid: expected 5 parts, found 1; data/cpdl/5-voices/sources/013_o_vos_omnes_1603__02_gesualdo_ovosomnes.mxl: reduction failed: Violin I has overlapping source events near measure 11: p0:e20
14	Sacred works for five voices	Peccantem me quotidie	string_quartet_plus_viole	data/cpdl/5-voices/sources/014_peccantem_me_quotidie__02_gesualdo_peccantum_me.mxl	mxl	5	data/cpdl/5-voices/reductions/string_quartet_plus_viole/014_peccantem_me_quotidie.musicxml	7	ok	
15	Sacred works for five voices	Precibus et meritis	string_quartet_plus_viole	data/cpdl/5-voices/sources/015_precibus_et_meritis__02_gesualdo_precibus.mxl	mxl	5	data/cpdl/5-voices/reductions/string_quartet_plus_viole/015_precibus_et_meritis.musicxml	4	ok	
16	Sacred works for five voices	Reminiscere	string_quartet_plus_viole	data/cpdl/5-voices/sources/016_reminiscere__02_gesualdo_reminiscere.mxl	mxl	5	data/cpdl/5-voices/reductions/string_quartet_plus_viole/016_reminiscere.musicxml	7	ok	
17	Sacred works for five voices	Sancti Spiritus Domine	string_quartet_plus_viole	data/cpdl/5-voices/sources/017_sancti_spiritus_domine__02_gesualdo_sancti_spiritus_domine.mxl	mxl	5	data/cpdl/5-voices/reductions/string_quartet_plus_viole/017_sancti_spiritus_domine.musicxml	5	ok	
18	Sacred works for five voices	Tribularer si nescirem	string_quartet_plus_viole	data/cpdl/5-voices/sources/018_tribularer_si_nescirem__02_gesualdo_tribularer19.mxl	mxl	5	data/cpdl/5-voices/reductions/string_quartet_plus_viole/018_tribularer_si_nescirem.musicxml	0	ok	
19	Sacred works for five voices	Tribulationem et dolorem	string_quartet_plus_viole	data/cpdl/5-voices/sources/019_tribulationem_et_dolorem__02_tribulationem_et_dolorem_gesualdo.mxl	mxl	5	data/cpdl/5-voices/reductions/string_quartet_plus_viole/019_tribulationem_et_dolorem.musicxml	5	ok	
20	Sacred works for five voices	Venit lumen tuum	string_quartet_plus_viole	data/cpdl/5-voices/sources/020_venit_lumen_tuum__02_gesu_ven.mxl	mxl	5	data/cpdl/5-voices/reductions/string_quartet_plus_viole/020_venit_lumen_tuum.musicxml	3	ok	
57	Secular works for five voices	A voi, mentre il mio core	string_quartet_plus_viole	data/cpdl/5-voices/sources/057_a_voi_mentre_il_mio_core__02_a_voi_mentre_il_mio_core_gesualdo.mxl	mxl	5	data/cpdl/5-voices/reductions/string_quartet_plus_viole/057_a_voi_mentre_il_mio_core.musicxml	0	ok	
58	Secular works for five voices	Ahi, disperata vita	string_quartet_plus_viole	data/cpdl/5-voices/sources/058_ahi_disperata_vita__01_gesualdo_ahi_disperata_vita.mxl	mxl	5	data/cpdl/5-voices/reductions/string_quartet_plus_viole/058_ahi_disperata_vita.musicxml	5	ok	
59	Secular works for five voices	Ahi, dispietata e cruda	string_quartet_plus_viole				data/cpdl/5-voices/reductions/string_quartet_plus_viole/059_ahi_dispietata_e_cruda.musicxml		error	data/cpdl/5-voices/sources/059_ahi_dispietata_e_cruda__01_gesualdo_ahi_dispietata_e_cruda.mxl: reduction failed: Violin I has overlapping source events near measure 6: p0:e9
60	Secular works for five voices	Al mio gioir il ciel si fa sereno	string_quartet_plus_viole	data/cpdl/5-voices/sources/060_al_mio_gioir_il_ciel_si_fa_sereno__02_al_mio_gioir_gesualdo.mxl	mxl	5	data/cpdl/5-voices/reductions/string_quartet_plus_viole/060_al_mio_gioir_il_ciel_si_fa_sereno.musicxml	0	ok	
61	Secular works for five voices	All' ombra de gl'allori	string_quartet_plus_viole	data/cpdl/5-voices/sources/061_all_ombra_de_gl_allori__02_gesualdo_all_ombra_de_gl_allori.mxl	mxl	5	data/cpdl/5-voices/reductions/string_quartet_plus_viole/061_all_ombra_de_gl_allori.musicxml	2	ok	
62	Secular works for five voices	All'apparir di quelle luci ardenti	string_quartet_plus_viole	data/cpdl/5-voices/sources/062_all_apparir_di_quelle_luci_ardenti__02_gesualdo_all_apparir_di_quelle_luci_ardenti.mxl	mxl	5	data/cpdl/5-voices/reductions/string_quartet_plus_viole/062_all_apparir_di_quelle_luci_ardenti.musicxml	0	ok	
63	Secular works for five voices	Alme d'Amor rubelle	string_quartet_plus_viole	data/cpdl/5-voices/sources/063_alme_d_amor_rubelle__02_alme_d_amor_rubelle_gesualdo.mxl	mxl	5	data/cpdl/5-voices/reductions/string_quartet_plus_viole/063_alme_d_amor_rubelle.musicxml	0	ok	
64	Secular works for five voices	Amor pace non chero	string_quartet_plus_viole	data/cpdl/5-voices/sources/064_amor_pace_non_chero__01_gesualdo_amor_pace_non_chero.mxl	mxl	5	data/cpdl/5-voices/reductions/string_quartet_plus_viole/064_amor_pace_non_chero.musicxml	0	ok	
65	Secular works for five voices	Ancide sol la morte	string_quartet_plus_viole	data/cpdl/5-voices/sources/065_ancide_sol_la_morte__02_ancide_sol_la_morte_gesualdo.mxl	mxl	5	data/cpdl/5-voices/reductions/string_quartet_plus_viole/065_ancide_sol_la_morte.musicxml	0	ok	
66	Secular works for five voices	Ancidetemi pur, grievi martiri	string_quartet_plus_viole	data/cpdl/5-voices/sources/066_ancidetemi_pur_grievi_martiri__01_gesualdo_ancidetemi_pur_grievi_martiri.mxl	mxl	5	data/cpdl/5-voices/reductions/string_quartet_plus_viole/066_ancidetemi_pur_grievi_martiri.musicxml	0	ok	
67	Secular works for five voices	Ancor che per amarti	string_quartet_plus_viole	data/cpdl/5-voices/sources/067_ancor_che_per_amarti__02_ancor_che_per_amarti_gesualdo.mxl	mxl	5	data/cpdl/5-voices/reductions/string_quartet_plus_viole/067_ancor_che_per_amarti.musicxml	0	ok	
68	Secular works for five voices	Arde il mio cor	string_quartet_plus_viole	data/cpdl/5-voices/sources/068_arde_il_mio_cor__02_arde_il_mio_cor_gesualdo.mxl	mxl	5	data/cpdl/5-voices/reductions/string_quartet_plus_viole/068_arde_il_mio_cor.musicxml	0	ok	
69	Secular works for five voices	Ardita zanzaretta	string_quartet_plus_viole	data/cpdl/5-voices/sources/069_ardita_zanzaretta__02_ardita_zanzaretta_gesualdo.mxl	mxl	5	data/cpdl/5-voices/reductions/string_quartet_plus_viole/069_ardita_zanzaretta.musicxml	5	ok	
70	Secular works for five voices	Ardo per te, mio bene	string_quartet_plus_viole	data/cpdl/5-voices/sources/070_ardo_per_te_mio_bene__02_ardo_per_te_mio_bene_gesualdo.mxl	mxl	5	data/cpdl/5-voices/reductions/string_quartet_plus_viole/070_ardo_per_te_mio_bene.musicxml	3	ok	
71	Secular works for five voices	Asciugate i begli occhi	string_quartet_plus_viole	data/cpdl/5-voices/sources/071_asciugate_i_begli_occhi__02_gesu_14asc.mxl	mxl	5	data/cpdl/5-voices/reductions/string_quartet_plus_viole/071_asciugate_i_begli_occhi.musicxml	7	ok	
72	Secular works for five voices	Baci soavi e cari	string_quartet_plus_viole	data/cpdl/5-voices/sources/072_baci_soavi_e_cari__02_gesualdo_baci_soavi_e_cari.mxl	mxl	5	data/cpdl/5-voices/reductions/string_quartet_plus_viole/072_baci_soavi_e_cari.musicxml	2	ok	
73	Secular works for five voices	Bella Angioletta	string_quartet_plus_viole	data/cpdl/5-voices/sources/073_bella_angioletta__01_gesualdo_bella_angioletta.mxl	mxl	5	data/cpdl/5-voices/reductions/string_quartet_plus_viole/073_bella_angioletta.musicxml	0	ok	
74	Secular works for five voices	Beltà poi che t'assenti	string_quartet_plus_viole	data/cpdl/5-voices/sources/074_belta_poi_che_t_assenti__02_belta_poi_che_t_assenti.mxl	mxl	5	data/cpdl/5-voices/reductions/string_quartet_plus_viole/074_belt_poi_che_t_assenti.musicxml	4	ok	
75	Secular works for five voices	Candida man qual neve	string_quartet_plus_viole	data/cpdl/5-voices/sources/075_candida_man_qual_neve__02_gesualdo_candida_man_qual_neve.mxl	mxl	5	data/cpdl/5-voices/reductions/string_quartet_plus_viole/075_candida_man_qual_neve.musicxml	0	ok	
76	Secular works for five voices	Candido e verde fiore	string_quartet_plus_viole	data/cpdl/5-voices/sources/076_candido_e_verde_fiore__02_candido_e_verde_fiore_gesualdo.mxl	mxl	5	data/cpdl/5-voices/reductions/string_quartet_plus_viole/076_candido_e_verde_fiore.musicxml	0	ok	
77	Secular works for five voices	Caro amoroso neo	string_quartet_plus_viole	data/cpdl/5-voices/sources/077_caro_amoroso_neo__01_gesualdo_caro_amoroso_neo.mxl	mxl	5	data/cpdl/5-voices/reductions/string_quartet_plus_viole/077_caro_amoroso_neo.musicxml	0	ok	
78	Secular works for five voices	Che fai meco	string_quartet_plus_viole	data/cpdl/5-voices/sources/078_che_fai_meco__02_che_fai_meco_gesualdo.mxl	mxl	5	data/cpdl/5-voices/reductions/string_quartet_plus_viole/078_che_fai_meco.musicxml	2	ok	
79	Secular works for five voices	Che sentir deve il petto mio	string_quartet_plus_viole	data/cpdl/5-voices/sources/079_che_sentir_deve_il_petto_mio__01_5_che_sentir_deve.mid	mid	5	data/cpdl/5-voices/reductions/string_quartet_plus_viole/079_che_sentir_deve_il_petto_mio.musicxml	2	ok	
80	Secular works for five voices	Chiaro risplender suole	string_quartet_plus_viole	data/cpdl/5-voices/sources/080_chiaro_risplender_suole__02_chiaro_risplender_suole_gesualdo.mxl	mxl	5	data/cpdl/5-voices/reductions/string_quartet_plus_viole/080_chiaro_risplender_suole.musicxml	0	ok	
81	Secular works for five voices	Com'esser può ch'io viva	string_quartet_plus_viole	data/cpdl/5-voices/sources/081_com_esser_puo_ch_io_viva__01_gesualdo_come_esser_puo_ch_io_viva.mxl	mxl	5	data/cpdl/5-voices/reductions/string_quartet_plus_viole/081_com_esser_pu_ch_io_viva.musicxml	2	ok	
82	Secular works for five voices	Come vivrai cor mio	string_quartet_plus_viole	data/cpdl/5-voices/sources/082_come_vivrai_cor_mio__02_gesualdo_come_vivrai_cor_mio.mxl	mxl	5	data/cpdl/5-voices/reductions/string_quartet_plus_viole/082_come_vivrai_cor_mio.musicxml	0	ok	
83	Secular works for five voices	Cor mio, deh, non piangete	string_quartet_plus_viole	data/cpdl/5-voices/sources/083_cor_mio_deh_non_piangete__02_cor_mio_deh_gesualdo.mxl	mxl	5	data/cpdl/5-voices/reductions/string_quartet_plus_viole/083_cor_mio_deh_non_piangete.musicxml	5	ok	
84	Secular works for five voices	Correte, amanti, a prova	string_quartet_plus_viole	data/cpdl/5-voices/sources/084_correte_amanti_a_prova__02_gesu_13cor.mxl	mxl	5	data/cpdl/5-voices/reductions/string_quartet_plus_viole/084_correte_amanti_a_prova.musicxml	0	ok	
85	Secular works for five voices	Crudelissima doglia	string_quartet_plus_viole				data/cpdl/5-voices/reductions/string_quartet_plus_viole/085_crudelissima_doglia.musicxml		error	data/cpdl/5-voices/sources/085_crudelissima_doglia__01_gesualdo_crudelissima_doglia.mxl: reduction failed: Violin II has overlapping source events near measure 13: p1:e36
86	Secular works for five voices	Dalle odorate spoglie	string_quartet_plus_viole	data/cpdl/5-voices/sources/086_dalle_odorate_spoglie__02_dalle_odorate_spoglie_gesualdo.mxl	mxl	5	data/cpdl/5-voices/reductions/string_quartet_plus_viole/086_dalle_odorate_spoglie.musicxml	0	ok	
87	Secular works for five voices	Deh coprite il bel seno	string_quartet_plus_viole	data/cpdl/5-voices/sources/087_deh_coprite_il_bel_seno__02_gesu_16de.mxl	mxl	5	data/cpdl/5-voices/reductions/string_quartet_plus_viole/087_deh_coprite_il_bel_seno.musicxml	0	ok	
88	Secular works for five voices	Deh, come invan sospiro	string_quartet_plus_viole	data/cpdl/5-voices/sources/088_deh_come_invan_sospiro__02_deh_come_invan_gesualdo.mxl	mxl	5	data/cpdl/5-voices/reductions/string_quartet_plus_viole/088_deh_come_invan_sospiro.musicxml	0	ok	
89	Secular works for five voices	Deh, se già fu crudele	string_quartet_plus_viole				data/cpdl/5-voices/reductions/string_quartet_plus_viole/089_deh_se_gi_fu_crudele.musicxml		error	data/cpdl/5-voices/sources/089_deh_se_gia_fu_crudele__01_gesualdo_deh_se_gia_fu_crudele.mxl: reduction failed: Violin I has overlapping source events near measure 18: p0:e45
90	Secular works for five voices	Del bel de bei vostri occhi	string_quartet_plus_viole	data/cpdl/5-voices/sources/090_del_bel_de_bei_vostri_occhi__01_gesualdo_del_bel_de_bei_vostri_occhi.mxl	mxl	5	data/cpdl/5-voices/reductions/string_quartet_plus_viole/090_del_bel_de_bei_vostri_occhi.musicxml	0	ok	
91	Secular works for five voices	Dolce spirto d'amore	string_quartet_plus_viole	data/cpdl/5-voices/sources/091_dolce_spirto_d_amore__01_gesualdo_dolce_spirto_d_amore.mxl	mxl	5	data/cpdl/5-voices/reductions/string_quartet_plus_viole/091_dolce_spirto_d_amore.musicxml	2	ok	
92	Secular works for five voices	Dolcissima mia vita	string_quartet_plus_viole	data/cpdl/5-voices/sources/092_dolcissima_mia_vita__02_dolcissima_mia_vita_gesualdo.mxl	mxl	5	data/cpdl/5-voices/reductions/string_quartet_plus_viole/092_dolcissima_mia_vita.musicxml	2	ok	
93	Secular works for five voices	Dolcissimo sospiro	string_quartet_plus_viole	data/cpdl/5-voices/sources/093_dolcissimo_sospiro__01_gesualdo_dolcissimo_sospiro.mxl	mxl	5	data/cpdl/5-voices/reductions/string_quartet_plus_viole/093_dolcissimo_sospiro.musicxml	2	ok	
95	Secular works for five voices	Ecco, morirò dunque	string_quartet_plus_viole	data/cpdl/5-voices/sources/095_ecco_moriro_dunque__02_ecco_moriro_dunque_gesualdo.mxl	mxl	5	data/cpdl/5-voices/reductions/string_quartet_plus_viole/095_ecco_morir_dunque.musicxml	0	ok	
96	Secular works for five voices	Felice primavera	string_quartet_plus_viole	data/cpdl/5-voices/sources/096_felice_primavera__02_gesualdo_felice_primavera.mxl	mxl	5	data/cpdl/5-voices/reductions/string_quartet_plus_viole/096_felice_primavera.musicxml	2	ok	
97	Secular works for five voices	Felicissimo sonno	string_quartet_plus_viole	data/cpdl/5-voices/sources/097_felicissimo_sonno__02_gesu_7fel.mxl	mxl	5	data/cpdl/5-voices/reductions/string_quartet_plus_viole/097_felicissimo_sonno.musicxml	5	ok	
98	Secular works for five voices	Gelo ha madonna il seno	string_quartet_plus_viole	data/cpdl/5-voices/sources/098_gelo_ha_madonna_il_seno__01_gesualdo_gelo.mxl	mxl	5	data/cpdl/5-voices/reductions/string_quartet_plus_viole/098_gelo_ha_madonna_il_seno.musicxml	7	ok	
99	Secular works for five voices	Gioite voi col canto	string_quartet_plus_viole	data/cpdl/5-voices/sources/099_gioite_voi_col_canto__02_gioite_voi_gesualdo.mxl	mxl	5	data/cpdl/5-voices/reductions/string_quartet_plus_viole/099_gioite_voi_col_canto.musicxml	0	ok	
100	Secular works for five voices	Già piansi nel dolore	string_quartet_plus_viole	data/cpdl/5-voices/sources/100_gia_piansi_nel_dolore__02_gia_piansi_nel_dolore_gesualdo.mxl	mxl	5	data/cpdl/5-voices/reductions/string_quartet_plus_viole/100_gi_piansi_nel_dolore.musicxml	2	ok	
101	Secular works for five voices	Hai rotto e sciolto e spento	string_quartet_plus_viole	data/cpdl/5-voices/sources/101_hai_rotto_e_sciolto_e_spento__02_hai_rotto_gesualdo.mxl	mxl	5	data/cpdl/5-voices/reductions/string_quartet_plus_viole/101_hai_rotto_e_sciolto_e_spento.musicxml	4	ok	
102	Secular works for five voices	In più leggiadro velo	string_quartet_plus_viole	data/cpdl/5-voices/sources/102_in_piu_leggiadro_velo__01_gesualdo_in_piu_leggiadro_velo.mxl	mxl	5	data/cpdl/5-voices/reductions/string_quartet_plus_viole/102_in_pi_leggiadro_velo.musicxml	0	ok	
103	Secular works for five voices	Io parto, e non più dissi	string_quartet_plus_viole	data/cpdl/5-voices/sources/103_io_parto_e_non_piu_dissi__02_io_parto_gesualdo.mxl	mxl	5	data/cpdl/5-voices/reductions/string_quartet_plus_viole/103_io_parto_e_non_pi_dissi.musicxml	4	ok	
104	Secular works for five voices	Io pur respiro in così gran dolore	string_quartet_plus_viole	data/cpdl/5-voices/sources/104_io_pur_respiro_in_cosi_gran_dolore__02_io_pur_respiro_gesualdo.mxl	mxl	5	data/cpdl/5-voices/reductions/string_quartet_plus_viole/104_io_pur_respiro_in_cos_gran_dolore.musicxml	0	ok	
105	Secular works for five voices	Io tacerò	string_quartet_plus_viole	data/cpdl/5-voices/sources/105_io_tacero__02_io_tacero_gesualdo.mxl	mxl	5	data/cpdl/5-voices/reductions/string_quartet_plus_viole/105_io_tacer.musicxml	4	ok	
106	Secular works for five voices	Itene o miei sospiri	string_quartet_plus_viole	data/cpdl/5-voices/sources/106_itene_o_miei_sospiri__02_gesu_3ite.mxl	mxl	5	data/cpdl/5-voices/reductions/string_quartet_plus_viole/106_itene_o_miei_sospiri.musicxml	2	ok	
107	Secular works for five voices	Languisce al fin chi da la vita parte	string_quartet_plus_viole	data/cpdl/5-voices/sources/107_languisce_al_fin_chi_da_la_vita_parte__02_gesu_10la.mxl	mxl	5	data/cpdl/5-voices/reductions/string_quartet_plus_viole/107_languisce_al_fin_chi_da_la_vita_parte.musicxml	0	ok	
108	Secular works for five voices	Languisce e moro, ahi, cruda	string_quartet_plus_viole				data/cpdl/5-voices/reductions/string_quartet_plus_viole/108_languisce_e_moro_ahi_cruda.musicxml		error	data/cpdl/5-voices/sources/108_languisce_e_moro_ahi_cruda__01_gesualdo_languisce_e_moro_ahi_cruda.mxl: reduction failed: Violin I has overlapping source events near measure 17: p0:e17
109	Secular works for five voices	Luci serene e chiare	string_quartet_plus_viole	data/cpdl/5-voices/sources/109_luci_serene_e_chiare__01_gesualdo_luciserene.mxl	mxl	5	data/cpdl/5-voices/reductions/string_quartet_plus_viole/109_luci_serene_e_chiare.musicxml	2	ok	
110	Secular works for five voices	Ma se avverrà ch'io moia	string_quartet_plus_viole	data/cpdl/5-voices/sources/110_ma_se_avverra_ch_io_moia__01_8_ma_se_averra.mid	mid	5	data/cpdl/5-voices/reductions/string_quartet_plus_viole/110_ma_se_avverr_ch_io_moia.musicxml	7	ok	
111	Secular works for five voices	Ma se tale ha costei	string_quartet_plus_viole	data/cpdl/5-voices/sources/111_ma_se_tale_ha_costei__01_ma_se_tale_ha_costei.mid	mid	5	data/cpdl/5-voices/reductions/string_quartet_plus_viole/111_ma_se_tale_ha_costei.musicxml	0	ok	
112	Secular works for five voices	Ma tu, cagion di quella atroce pena	string_quartet_plus_viole	data/cpdl/5-voices/sources/112_ma_tu_cagion_di_quella_atroce_pena__02_gesu_18ma.mxl	mxl	5	data/cpdl/5-voices/reductions/string_quartet_plus_viole/112_ma_tu_cagion_di_quella_atroce_pena.musicxml	5	ok	
113	Secular works for five voices	Madonna, io ben vorrei	string_quartet_plus_viole	data/cpdl/5-voices/sources/113_madonna_io_ben_vorrei__02_gesualdo_madonna_io_ben_vorrei.mxl	mxl	5	data/cpdl/5-voices/reductions/string_quartet_plus_viole/113_madonna_io_ben_vorrei.musicxml	2	ok	
114	Secular works for five voices	Mentre gira costei	string_quartet_plus_viole	data/cpdl/5-voices/sources/114_mentre_gira_costei__02_mentre_gira_costei_gesualdo.mxl	mxl	5	data/cpdl/5-voices/reductions/string_quartet_plus_viole/114_mentre_gira_costei.musicxml	0	ok	
115	Secular works for five voices	Mentre madonna il lasso fianco posa	string_quartet_plus_viole	data/cpdl/5-voices/sources/115_mentre_madonna_il_lasso_fianco_posa__02_gesualdo_mentre_madonna_il_lasso_fianco_posa.mxl	mxl	5	data/cpdl/5-voices/reductions/string_quartet_plus_viole/115_mentre_madonna_il_lasso_fianco_posa.musicxml	0	ok	
116	Secular works for five voices	Mentre, mia stella, miri	string_quartet_plus_viole	data/cpdl/5-voices/sources/116_mentre_mia_stella_miri__01_gesualdo_mentre_mia_stella_miri.mxl	mxl	5	data/cpdl/5-voices/reductions/string_quartet_plus_viole/116_mentre_mia_stella_miri.musicxml	0	ok	
117	Secular works for five voices	Meraviglia d'Amore	string_quartet_plus_viole	data/cpdl/5-voices/sources/117_meraviglia_d_amore__01_gesualdo_meraviglia_d_amore.mxl	mxl	5	data/cpdl/5-voices/reductions/string_quartet_plus_viole/117_meraviglia_d_amore.musicxml	0	ok	
118	Secular works for five voices	Mercè grido piangendo	string_quartet_plus_viole	data/cpdl/5-voices/sources/118_merce_grido_piangendo__02_gesu_11me.mxl	mxl	5	data/cpdl/5-voices/reductions/string_quartet_plus_viole/118_merc_grido_piangendo.musicxml	0	ok	
119	Secular works for five voices	Mille volte il di	string_quartet_plus_viole	data/cpdl/5-voices/sources/119_mille_volte_il_di__02_mille_volte_il_di_gesualdo.mxl	mxl	5	data/cpdl/5-voices/reductions/string_quartet_plus_viole/119_mille_volte_il_di.musicxml	2	ok	
120	Secular works for five voices	Moro, e mentre sospiro	string_quartet_plus_viole	data/cpdl/5-voices/sources/120_moro_e_mentre_sospiro__02_moro_e_mentre_sospiro_gesualdo.mxl	mxl	5	data/cpdl/5-voices/reductions/string_quartet_plus_viole/120_moro_e_mentre_sospiro.musicxml	4	ok	
121	Secular works for five voices	Moro, lasso, al mio duolo	string_quartet_plus_viole	data/cpdl/5-voices/sources/121_moro_lasso_al_mio_duolo__02_moro_lasso_gesualdo.mxl	mxl	5	data/cpdl/5-voices/reductions/string_quartet_plus_viole/121_moro_lasso_al_mio_duolo.musicxml	0	ok	
123	Secular works for five voices	Non mai non cangerò stato	string_quartet_plus_viole	data/cpdl/5-voices/sources/123_non_mai_non_cangero_stato__02_gesualdo_non_mai_non_cangero.mxl	mxl	5	data/cpdl/5-voices/reductions/string_quartet_plus_viole/123_non_mai_non_canger_stato.musicxml	2	ok	
124	Secular works for five voices	Non mi toglia il ben mio	string_quartet_plus_viole	data/cpdl/5-voices/sources/124_non_mi_toglia_il_ben_mio__01_gesualdo_nonmitoglia.mxl	mxl	5	data/cpdl/5-voices/reductions/string_quartet_plus_viole/124_non_mi_toglia_il_ben_mio.musicxml	0	ok	
125	Secular works for five voices	Non mirar, non mirare	string_quartet_plus_viole	data/cpdl/5-voices/sources/125_non_mirar_non_mirare__01_gesualdo_non_mirar_non_mirare.mxl	mxl	5	data/cpdl/5-voices/reductions/string_quartet_plus_viole/125_non_mirar_non_mirare.musicxml	5	ok	
126	Secular works for five voices	Non t'amo, o voce ingrata	string_quartet_plus_viole				data/cpdl/5-voices/reductions/string_quartet_plus_viole/126_non_t_amo_o_voce_ingrata.musicxml		error	data/cpdl/5-voices/sources/126_non_t_amo_o_voce_ingrata__01_gesualdo_non_t_amo_o_voce_ingrata.mxl: reduction failed: Violin I has overlapping source events near measure 6: p0:e7
127	Secular works for five voices	Non è questa la mano	string_quartet_plus_viole	data/cpdl/5-voices/sources/127_non_e_questa_la_mano__01_gesualdo_non_e_questa_la_mano.mxl	mxl	5	data/cpdl/5-voices/reductions/string_quartet_plus_viole/127_non_questa_la_mano.musicxml	0	ok	
128	Secular works for five voices	O com'è gran martire	string_quartet_plus_viole	data/cpdl/5-voices/sources/128_o_com_e_gran_martire__01_gesualdo_o_com_e_gran_martire.mxl	mxl	5	data/cpdl/5-voices/reductions/string_quartet_plus_viole/128_o_com_gran_martire.musicxml	5	ok	
129	Secular works for five voices	O dolce mio martire	string_quartet_plus_viole	data/cpdl/5-voices/sources/129_o_dolce_mio_martire__01_gesualdo_o_dolce_mio_martire.mxl	mxl	5	data/cpdl/5-voices/reductions/string_quartet_plus_viole/129_o_dolce_mio_martire.musicxml	5	ok	
130	Secular works for five voices	O dolce mio tesoro	string_quartet_plus_viole	data/cpdl/5-voices/sources/130_o_dolce_mio_tesoro__02_o_dolce_mio_tesoro_gesualdo.mxl	mxl	5	data/cpdl/5-voices/reductions/string_quartet_plus_viole/130_o_dolce_mio_tesoro.musicxml	0	ok	
131	Secular works for five voices	O dolorosa gioia	string_quartet_plus_viole	data/cpdl/5-voices/sources/131_o_dolorosa_gioia__02_gesu_5odo.mxl	mxl	5	data/cpdl/5-voices/reductions/string_quartet_plus_viole/131_o_dolorosa_gioia.musicxml	4	ok	
132	Secular works for five voices	O mal nati messagi	string_quartet_plus_viole	data/cpdl/5-voices/sources/132_o_mal_nati_messagi__02_o_mal_nati_messagi_gesualdo.mxl	mxl	5	data/cpdl/5-voices/reductions/string_quartet_plus_viole/132_o_mal_nati_messagi.musicxml	0	ok	
134	Secular works for five voices	O tenebroso giorno	string_quartet_plus_viole	data/cpdl/5-voices/sources/134_o_tenebroso_giorno__02_gesu_19ote.mxl	mxl	5	data/cpdl/5-voices/reductions/string_quartet_plus_viole/134_o_tenebroso_giorno.musicxml	3	ok	
135	Secular works for five voices	O voi troppo felici	string_quartet_plus_viole	data/cpdl/5-voices/sources/135_o_voi_troppo_felici__02_gesu_12ovoi.mxl	mxl	5	data/cpdl/5-voices/reductions/string_quartet_plus_viole/135_o_voi_troppo_felici.musicxml	0	ok	
136	Secular works for five voices	Occhi del mio cor vita	string_quartet_plus_viole	data/cpdl/5-voices/sources/136_occhi_del_mio_cor_vita__02_gesu_9occhisattb.mxl	mxl	5	data/cpdl/5-voices/reductions/string_quartet_plus_viole/136_occhi_del_mio_cor_vita.musicxml	2	ok	
137	Secular works for five voices	Or, che in gioia	string_quartet_plus_viole	data/cpdl/5-voices/sources/137_or_che_in_gioia__02_or_che_in_gioia_gesualdo.mxl	mxl	5	data/cpdl/5-voices/reductions/string_quartet_plus_viole/137_or_che_in_gioia.musicxml	0	ok	
138	Secular works for five voices	Poichè l'avida sete	string_quartet_plus_viole	data/cpdl/5-voices/sources/138_poiche_l_avida_sete__02_gesu_17poi.mxl	mxl	5	data/cpdl/5-voices/reductions/string_quartet_plus_viole/138_poich_l_avida_sete.musicxml	5	ok	
139	Secular works for five voices	Qual fora, donna	string_quartet_plus_viole	data/cpdl/5-voices/sources/139_qual_fora_donna__02_gesu_6qu.mxl	mxl	5	data/cpdl/5-voices/reductions/string_quartet_plus_viole/139_qual_fora_donna.musicxml	2	ok	
140	Secular works for five voices	Quando l'alba novella	string_quartet_plus_viole	data/cpdl/5-voices/sources/140_quando_l_alba_novella__02_gesualdo_quando_l_alba_novella.mxl	mxl	5	data/cpdl/5-voices/reductions/string_quartet_plus_viole/140_quando_l_alba_novella.musicxml	0	ok	
141	Secular works for five voices	Quando ridente e bella	string_quartet_plus_viole	data/cpdl/5-voices/sources/141_quando_ridente_e_bella__02_quando_ridente_e_bella_gesualdo.mxl	mxl	5	data/cpdl/5-voices/reductions/string_quartet_plus_viole/141_quando_ridente_e_bella.musicxml	0	ok	
143	Secular works for five voices	Quel 'no' crudel che la mia speme ancise	string_quartet_plus_viole	data/cpdl/5-voices/sources/143_quel_no_crudel_che_la_mia_speme_ancise__02_quel_no_crudel_gesualdo.mxl	mxl	5	data/cpdl/5-voices/reductions/string_quartet_plus_viole/143_quel_no_crudel_che_la_mia_speme_ancise.musicxml	0	ok	
144	Secular works for five voices	Questa crudele e pia	string_quartet_plus_viole	data/cpdl/5-voices/sources/144_questa_crudele_e_pia__02_questa_crudele_et_pia_gesualdo.mxl	mxl	5	data/cpdl/5-voices/reductions/string_quartet_plus_viole/144_questa_crudele_e_pia.musicxml	2	ok	
145	Secular works for five voices	Questi leggiadri odorosetti fiori	string_quartet_plus_viole	data/cpdl/5-voices/sources/145_questi_leggiadri_odorosetti_fiori__02_gesualdo_questi_cpdl.mxl	mxl	5	data/cpdl/5-voices/reductions/string_quartet_plus_viole/145_questi_leggiadri_odorosetti_fiori.musicxml	5	ok	
146	Secular works for five voices	Resta di darmi noia	string_quartet_plus_viole	data/cpdl/5-voices/sources/146_resta_di_darmi_noia__02_resta_di_darmi_noia_gesualdo.mxl	mxl	5	data/cpdl/5-voices/reductions/string_quartet_plus_viole/146_resta_di_darmi_noia.musicxml	0	ok	
147	Secular works for five voices	S'io non miro non moro	string_quartet_plus_viole	data/cpdl/5-voices/sources/147_s_io_non_miro_non_moro__02_sio_non_miro_gesualdo.mxl	mxl	5	data/cpdl/5-voices/reductions/string_quartet_plus_viole/147_s_io_non_miro_non_moro.musicxml	0	ok	
148	Secular works for five voices	Se chiudete nel core	string_quartet_plus_viole	data/cpdl/5-voices/sources/148_se_chiudete_nel_core__02_se_chiudete_nel_core_gesualdo.mxl	mxl	5	data/cpdl/5-voices/reductions/string_quartet_plus_viole/148_se_chiudete_nel_core.musicxml	0	ok	
149	Secular works for five voices	Se così dolce è il duolo	string_quartet_plus_viole	data/cpdl/5-voices/sources/149_se_cosi_dolce_e_il_duolo__01_gesualdo_se_cosi_dolce_e_il_duolo.mxl	mxl	5	data/cpdl/5-voices/reductions/string_quartet_plus_viole/149_se_cos_dolce_il_duolo.musicxml	7	ok	
150	Secular works for five voices	Se da sì nobil mano	string_quartet_plus_viole	data/cpdl/5-voices/sources/150_se_da_si_nobil_mano__01_gesualdo_se_da_si_nobil_mano.mxl	mxl	5	data/cpdl/5-voices/reductions/string_quartet_plus_viole/150_se_da_s_nobil_mano.musicxml	0	ok	
151	Secular works for five voices	Se la mia morte brami	string_quartet_plus_viole	data/cpdl/5-voices/sources/151_se_la_mia_morte_brami__02_gesualdo_se_la_mia_morte_brami.mxl	mxl	5	data/cpdl/5-voices/reductions/string_quartet_plus_viole/151_se_la_mia_morte_brami.musicxml	2	ok	
152	Secular works for five voices	Se per lieve ferita	string_quartet_plus_viole	data/cpdl/5-voices/sources/152_se_per_lieve_ferita__02_4_se_per_lieve_ferita.mid	mid	5	data/cpdl/5-voices/reductions/string_quartet_plus_viole/152_se_per_lieve_ferita.musicxml	2	ok	
153	Secular works for five voices	Se piange, ahimè, la donna del mio core	string_quartet_plus_viole	data/cpdl/5-voices/sources/153_se_piange_ahime_la_donna_del_mio_core__01_gesualdo_se_piange_oime_la_donna_del_mio_core.mxl	mxl	5	data/cpdl/5-voices/reductions/string_quartet_plus_viole/153_se_piange_ahim_la_donna_del_mio_core.musicxml	2	ok	
154	Secular works for five voices	Se taccio, il duol s'avanza	string_quartet_plus_viole	data/cpdl/5-voices/sources/154_se_taccio_il_duol_s_avanza__02_gesualdo_se_taccio_il_duol_s_avanza.mxl	mxl	5	data/cpdl/5-voices/reductions/string_quartet_plus_viole/154_se_taccio_il_duol_s_avanza.musicxml	5	ok	
155	Secular works for five voices	Se tu fuggi	string_quartet_plus_viole	data/cpdl/5-voices/sources/155_se_tu_fuggi__02_gesu_20se.mxl	mxl	5	data/cpdl/5-voices/reductions/string_quartet_plus_viole/155_se_tu_fuggi.musicxml	0	ok	
156	Secular works for five voices	Se vi duol il mio duolo	string_quartet_plus_viole	data/cpdl/5-voices/sources/156_se_vi_duol_il_mio_duolo__01_gesu_8se.mid	mid	5	data/cpdl/5-voices/reductions/string_quartet_plus_viole/156_se_vi_duol_il_mio_duolo.musicxml	5	ok	
157	Secular works for five voices	Se vi miro pietosa	string_quartet_plus_viole				data/cpdl/5-voices/reductions/string_quartet_plus_viole/157_se_vi_miro_pietosa.musicxml		error	data/cpdl/5-voices/sources/157_se_vi_miro_pietosa__01_gesualdo_se_vi_miro_pietosa.mxl: reduction failed: Violin I has overlapping source events near measure 21: p0:e51
158	Secular works for five voices	Sento che nel partire	string_quartet_plus_viole	data/cpdl/5-voices/sources/158_sento_che_nel_partire__01_gesualdo_sento_che_nel_partire.mid	mid	5	data/cpdl/5-voices/reductions/string_quartet_plus_viole/158_sento_che_nel_partire.musicxml	5	ok	
159	Secular works for five voices	Son sì belle le rose	string_quartet_plus_viole	data/cpdl/5-voices/sources/159_son_si_belle_le_rose__01_gesualdo_son_si_belle_le_rose.mxl	mxl	5	data/cpdl/5-voices/reductions/string_quartet_plus_viole/159_son_s_belle_le_rose.musicxml	0	ok	
160	Secular works for five voices	Sospirava	string_quartet_plus_viole	data/cpdl/5-voices/sources/160_sospirava__02_sospirava_gesualdo.mxl	mxl	5	data/cpdl/5-voices/reductions/string_quartet_plus_viole/160_sospirava.musicxml	0	ok	
161	Secular works for five voices	Sparge la morte	string_quartet_plus_viole	data/cpdl/5-voices/sources/161_sparge_la_morte__02_sparge_la_morte_gesualdo.mxl	mxl	5	data/cpdl/5-voices/reductions/string_quartet_plus_viole/161_sparge_la_morte.musicxml	7	ok	
162	Secular works for five voices	Sì gioioso mi fanno i dolor miei	string_quartet_plus_viole	data/cpdl/5-voices/sources/162_si_gioioso_mi_fanno_i_dolor_miei__01_gesualdo_si_gioioso_mi_fanno_i_dolor_miei.mxl	mxl	5	data/cpdl/5-voices/reductions/string_quartet_plus_viole/162_s_gioioso_mi_fanno_i_dolor_miei.musicxml	5	ok	
163	Secular works for five voices	T'amo, mia vita	string_quartet_plus_viole	data/cpdl/5-voices/sources/163_t_amo_mia_vita__02_t_amo_mia_vita_gesualdo.mxl	mxl	5	data/cpdl/5-voices/reductions/string_quartet_plus_viole/163_t_amo_mia_vita.musicxml	2	ok	
164	Secular works for five voices	Tall'or sano desio	string_quartet_plus_viole	data/cpdl/5-voices/sources/164_tall_or_sano_desio__02_tall_or_sano_desio_gesualdo.mxl	mxl	5	data/cpdl/5-voices/reductions/string_quartet_plus_viole/164_tall_or_sano_desio.musicxml	0	ok	
165	Secular works for five voices	Tirsi morir volea	string_quartet_plus_viole	data/cpdl/5-voices/sources/165_tirsi_morir_volea__03_gesualdo_tirsi_morir_volea.mxl	mxl	5	data/cpdl/5-voices/reductions/string_quartet_plus_viole/165_tirsi_morir_volea.musicxml	3	ok	
166	Secular works for five voices	Tu m'uccidi, o crudele	string_quartet_plus_viole	data/cpdl/5-voices/sources/166_tu_m_uccidi_o_crudele__04_gesu_15tu.mxl	mxl	5	data/cpdl/5-voices/reductions/string_quartet_plus_viole/166_tu_m_uccidi_o_crudele.musicxml	3	ok	
167	Secular works for five voices	Tu piangi, o Filli mia	string_quartet_plus_viole	data/cpdl/5-voices/sources/167_tu_piangi_o_filli_mia__02_tu_piangi_o_filli_mia_gesualdo.mxl	mxl	5	data/cpdl/5-voices/reductions/string_quartet_plus_viole/167_tu_piangi_o_filli_mia.musicxml	2	ok	
168	Secular works for five voices	Tu segui, o bella Clori	string_quartet_plus_viole	data/cpdl/5-voices/sources/168_tu_segui_o_bella_clori__02_tu_segui_o_bella_clori_gesualdo.mxl	mxl	5	data/cpdl/5-voices/reductions/string_quartet_plus_viole/168_tu_segui_o_bella_clori.musicxml	2	ok	
169	Secular works for five voices	Veggio sì, dal mio sole	string_quartet_plus_viole				data/cpdl/5-voices/reductions/string_quartet_plus_viole/169_veggio_s_dal_mio_sole.musicxml		error	data/cpdl/5-voices/sources/169_veggio_si_dal_mio_sole__01_gesualdo_veggio_si_dal_mio_sole.mxl: reduction failed: Violin II has overlapping source events near measure 22: p1:e55
170	Secular works for five voices	Voi volete ch'io mora	string_quartet_plus_viole	data/cpdl/5-voices/sources/170_voi_volete_ch_io_mora__01_gesualdo_voi_volete_ch_io_mora.mxl	mxl	5	data/cpdl/5-voices/reductions/string_quartet_plus_viole/170_voi_volete_ch_io_mora.musicxml	4	ok	
171	Secular works for five voices	Volan quasi farfalle	string_quartet_plus_viole	data/cpdl/5-voices/sources/171_volan_quasi_farfalle__02_volan_quasi_farfalle_gesualdo.mxl	mxl	5	data/cpdl/5-voices/reductions/string_quartet_plus_viole/171_volan_quasi_farfalle.musicxml	0	ok	
